项目名称,负责人,依托单位,项目参与人,项目参与人所在单位
基于高阶SNP互作挖掘与分析的复杂疾病全基因组关联研究,赵宇海,东北大学, 韩东红,东北大学
基于高阶SNP互作挖掘与分析的复杂疾病全基因组关联研究,赵宇海,东北大学, 印莹,东北大学
基于高阶SNP互作挖掘与分析的复杂疾病全基因组关联研究,赵宇海,东北大学, 毛克明,东北大学
基于高阶SNP互作挖掘与分析的复杂疾病全基因组关联研究,赵宇海,东北大学, 张恩德,东北大学
基于高阶SNP互作挖掘与分析的复杂疾病全基因组关联研究,赵宇海,东北大学, 李源,东北大学
基于高阶SNP互作挖掘与分析的复杂疾病全基因组关联研究,赵宇海,东北大学, 关博馨,东北大学
基于高阶SNP互作挖掘与分析的复杂疾病全基因组关联研究,赵宇海,东北大学, 时生乐,东北大学
基于高阶SNP互作挖掘与分析的复杂疾病全基因组关联研究,赵宇海,东北大学, 李玲,东北大学
基于高阶SNP互作挖掘与分析的复杂疾病全基因组关联研究,赵宇海,东北大学, 辛恩会,东北大学
基于群智演化的移动机器人网络协同决策及任务调度方法研究,王兴伟,东北大学, 马连博,东北大学
基于群智演化的移动机器人网络协同决策及任务调度方法研究,王兴伟,东北大学, 贾子熙,东北大学
基于群智演化的移动机器人网络协同决策及任务调度方法研究,王兴伟,东北大学, 李婕,东北大学
基于群智演化的移动机器人网络协同决策及任务调度方法研究,王兴伟,东北大学, 李福亮,东北大学
基于群智演化的移动机器人网络协同决策及任务调度方法研究,王兴伟,东北大学, 张闯闯,东北大学
基于群智演化的移动机器人网络协同决策及任务调度方法研究,王兴伟,东北大学, 何强,东北大学
基于群智演化的移动机器人网络协同决策及任务调度方法研究,王兴伟,东北大学, 赵勇,东北大学
基于群智演化的移动机器人网络协同决策及任务调度方法研究,王兴伟,东北大学, 杨茗周,东北大学
基于群智演化的移动机器人网络协同决策及任务调度方法研究,王兴伟,东北大学, 董安葳,东北大学
面向智能制造的人机合作伺服系统自律控制研究,吴建华,上海交通大学, 言勇华,上海交通大学
面向智能制造的人机合作伺服系统自律控制研究,吴建华,上海交通大学, 刘超,上海交通大学
面向智能制造的人机合作伺服系统自律控制研究,吴建华,上海交通大学, 汪辉,上海交通大学
面向智能制造的人机合作伺服系统自律控制研究,吴建华,上海交通大学, 董伟,上海交通大学
面向智能制造的人机合作伺服系统自律控制研究,吴建华,上海交通大学, 韩勇,上海交通大学
面向智能制造的人机合作伺服系统自律控制研究,吴建华,上海交通大学, 胡健,上海交通大学
面向智能制造的人机合作伺服系统自律控制研究,吴建华,上海交通大学, 杨启杰,上海交通大学
非合作安检太赫兹快速高分辨率成像研究,郭旭光,中国科学院空天信息创新研究院, 庄松林,上海理工大学
非合作安检太赫兹快速高分辨率成像研究,郭旭光,中国科学院空天信息创新研究院, 方广有,中国科学院空天信息创新研究院
非合作安检太赫兹快速高分辨率成像研究,郭旭光,中国科学院空天信息创新研究院, 李超,中国科学院空天信息创新研究院
非合作安检太赫兹快速高分辨率成像研究,郭旭光,中国科学院空天信息创新研究院, 丁丽,上海理工大学
非合作安检太赫兹快速高分辨率成像研究,郭旭光,中国科学院空天信息创新研究院, 李世超,中国科学院空天信息创新研究院
非合作安检太赫兹快速高分辨率成像研究,郭旭光,中国科学院空天信息创新研究院, 陈紫微,中国科学院空天信息创新研究院
非合作安检太赫兹快速高分辨率成像研究,郭旭光,中国科学院空天信息创新研究院, 卢伟,中国科学院空天信息创新研究院
非合作安检太赫兹快速高分辨率成像研究,郭旭光,中国科学院空天信息创新研究院, 王喜旺,上海理工大学
非合作安检太赫兹快速高分辨率成像研究,郭旭光,中国科学院空天信息创新研究院, 吴文俊,上海理工大学
,,,,
高碳硬线钢中B类非金属夹杂物微观尺度结构生长的三维重构与变形/性行为研究,李长荣,贵州大学, 庄昌凌,贵州大学
高碳硬线钢中B类非金属夹杂物微观尺度结构生长的三维重构与变形/性行为研究,李长荣,贵州大学, 阳辉,贵州大学
高碳硬线钢中B类非金属夹杂物微观尺度结构生长的三维重构与变形/性行为研究,李长荣,贵州大学, 黄碧芳,贵州大学
高碳硬线钢中B类非金属夹杂物微观尺度结构生长的三维重构与变形/性行为研究,李长荣,贵州大学, 李中元,贵州大学
高碳硬线钢中B类非金属夹杂物微观尺度结构生长的三维重构与变形/性行为研究,李长荣,贵州大学, 陈龙海,贵州大学
高碳硬线钢中B类非金属夹杂物微观尺度结构生长的三维重构与变形/性行为研究,李长荣,贵州大学, 杜文辉,贵州大学
高碳硬线钢中B类非金属夹杂物微观尺度结构生长的三维重构与变形/性行为研究,李长荣,贵州大学, 张世鑫,贵州大学
DEC-205受体介导的树突状细胞靶向杜仲多糖纳米粒的佐剂活性及分子机理研究,封海波,西南民族大学, 刘娟,西南大学
DEC-205受体介导的树突状细胞靶向杜仲多糖纳米粒的佐剂活性及分子机理研究,封海波,西南民族大学, 朱兆荣,西南大学
DEC-205受体介导的树突状细胞靶向杜仲多糖纳米粒的佐剂活性及分子机理研究,封海波,西南民族大学, 罗艺晨,西南大学
DEC-205受体介导的树突状细胞靶向杜仲多糖纳米粒的佐剂活性及分子机理研究,封海波,西南民族大学, 田兰,西南大学
DEC-205受体介导的树突状细胞靶向杜仲多糖纳米粒的佐剂活性及分子机理研究,封海波,西南民族大学, 龚志成,西南大学
DEC-205受体介导的树突状细胞靶向杜仲多糖纳米粒的佐剂活性及分子机理研究,封海波,西南民族大学, 郝永峰,西南大学
DEC-205受体介导的树突状细胞靶向杜仲多糖纳米粒的佐剂活性及分子机理研究,封海波,西南民族大学, 杨显朝,西南大学
DEC-205受体介导的树突状细胞靶向杜仲多糖纳米粒的佐剂活性及分子机理研究,封海波,西南民族大学, 宋寒,西南大学
DEC-205受体介导的树突状细胞靶向杜仲多糖纳米粒的佐剂活性及分子机理研究,封海波,西南民族大学, 董伟,西南大学
施用有机物料对潮土结构演变的影响机制研究,刘建立,中国科学院南京土壤研究所, 李晓鹏,中国科学院南京土壤研究所
施用有机物料对潮土结构演变的影响机制研究,刘建立,中国科学院南京土壤研究所, 邹晓娟,中国科学院南京土壤研究所
施用有机物料对潮土结构演变的影响机制研究,刘建立,中国科学院南京土壤研究所, 闫一凡,中国科学院南京土壤研究所
施用有机物料对潮土结构演变的影响机制研究,刘建立,中国科学院南京土壤研究所, 赵永超,中国科学院南京土壤研究所
施用有机物料对潮土结构演变的影响机制研究,刘建立,中国科学院南京土壤研究所, 纪景纯,中国科学院南京土壤研究所
冲击荷载作用下典型聚脲涂覆防护结构的动态响应与失效机理,郭辉,西南科技大学,,
微波增敏消融联合化疗、PD-1阻断多功能纳米平台的构建及其骨肉瘤治疗机制研究,张余,南方医科大学, 李梅,中国人民解放军南部战区总医院
微波增敏消融联合化疗、PD-1阻断多功能纳米平台的构建及其骨肉瘤治疗机制研究,张余,南方医科大学, 付长慧,中国科学院理化技术研究所
微波增敏消融联合化疗、PD-1阻断多功能纳米平台的构建及其骨肉瘤治疗机制研究,张余,南方医科大学, 柯晋,中国人民解放军南部战区总医院
微波增敏消融联合化疗、PD-1阻断多功能纳米平台的构建及其骨肉瘤治疗机制研究,张余,南方医科大学, 张林林,中国科学院理化技术研究所
微波增敏消融联合化疗、PD-1阻断多功能纳米平台的构建及其骨肉瘤治疗机制研究,张余,南方医科大学, 楚晓,中国人民解放军南部战区总医院
微波增敏消融联合化疗、PD-1阻断多功能纳米平台的构建及其骨肉瘤治疗机制研究,张余,南方医科大学, 陆遥,中国人民解放军南部战区总医院
微波增敏消融联合化疗、PD-1阻断多功能纳米平台的构建及其骨肉瘤治疗机制研究,张余,南方医科大学, 吴琼,中国科学院理化技术研究所
微波增敏消融联合化疗、PD-1阻断多功能纳米平台的构建及其骨肉瘤治疗机制研究,张余,南方医科大学, 陈曾贞,中国科学院理化技术研究所
微波增敏消融联合化疗、PD-1阻断多功能纳米平台的构建及其骨肉瘤治疗机制研究,张余,南方医科大学, 李宗陈,中国人民解放军南部战区总医院
考虑应力主轴旋转的围岩板裂化形成机理与结构特征研究,卢景景,中国科学院武汉岩土力学研究所, 柴修伟,武汉工程大学
考虑应力主轴旋转的围岩板裂化形成机理与结构特征研究,卢景景,中国科学院武汉岩土力学研究所, 高阳,中国科学院武汉岩土力学研究所
考虑应力主轴旋转的围岩板裂化形成机理与结构特征研究,卢景景,中国科学院武汉岩土力学研究所, 姜玥,中国科学院武汉岩土力学研究所
考虑应力主轴旋转的围岩板裂化形成机理与结构特征研究,卢景景,中国科学院武汉岩土力学研究所, 许奎,武汉工程大学
考虑应力主轴旋转的围岩板裂化形成机理与结构特征研究,卢景景,中国科学院武汉岩土力学研究所, 黄磊,中国科学院武汉岩土力学研究所
考虑应力主轴旋转的围岩板裂化形成机理与结构特征研究,卢景景,中国科学院武汉岩土力学研究所, 史林肯,中国科学院武汉岩土力学研究所
基于BIM的建筑结构设计知识本体及推演方法,龙丹冰,西南交通大学, 李秉展,西南交通大学
基于BIM的建筑结构设计知识本体及推演方法,龙丹冰,西南交通大学, 罗紫萍,台湾景文科技大学
基于BIM的建筑结构设计知识本体及推演方法,龙丹冰,西南交通大学, 张春雷,四川省建筑设计研究院
基于BIM的建筑结构设计知识本体及推演方法,龙丹冰,西南交通大学, 胡丰珺,西南交通大学
基于BIM的建筑结构设计知识本体及推演方法,龙丹冰,西南交通大学, 郑利龙,西南交通大学
基于BIM的建筑结构设计知识本体及推演方法,龙丹冰,西南交通大学, 王翊蘅,西南交通大学
基于BIM的建筑结构设计知识本体及推演方法,龙丹冰,西南交通大学, 叶波,西南交通大学
基于BIM的建筑结构设计知识本体及推演方法,龙丹冰,西南交通大学, 谢伟,西南交通大学
基于BIM的建筑结构设计知识本体及推演方法,龙丹冰,西南交通大学, 南丽霞,西南交通大学
蛋白质聚集状态影响蛋白质/多糖静电复合及界面/乳化特性的机制研究,方亚鹏,湖北工业大学, 姚晓琳,湖北工业大学
蛋白质聚集状态影响蛋白质/多糖静电复合及界面/乳化特性的机制研究,方亚鹏,湖北工业大学, 高志明,湖北工业大学
蛋白质聚集状态影响蛋白质/多糖静电复合及界面/乳化特性的机制研究,方亚鹏,湖北工业大学, 冯有楠,湖北工业大学
蛋白质聚集状态影响蛋白质/多糖静电复合及界面/乳化特性的机制研究,方亚鹏,湖北工业大学, 张帮恒,湖北工业大学
蛋白质聚集状态影响蛋白质/多糖静电复合及界面/乳化特性的机制研究,方亚鹏,湖北工业大学, 苏春霞,湖北工业大学
基于贝叶斯方法整合临床与基因数据的类风湿关节炎预后风险模型研究,付凌雨,中国医科大学, 金磊,中国医科大学
基于贝叶斯方法整合临床与基因数据的类风湿关节炎预后风险模型研究,付凌雨,中国医科大学, 支德贵,美国阿拉巴马大学伯明翰分校
基于贝叶斯方法整合临床与基因数据的类风湿关节炎预后风险模型研究,付凌雨,中国医科大学, 周波,中国医科大学
基于贝叶斯方法整合临床与基因数据的类风湿关节炎预后风险模型研究,付凌雨,中国医科大学, 吴晓梅,中国医科大学
基于贝叶斯方法整合临床与基因数据的类风湿关节炎预后风险模型研究,付凌雨,中国医科大学, 马冰,中国医科大学
基于贝叶斯方法整合临床与基因数据的类风湿关节炎预后风险模型研究,付凌雨,中国医科大学, 孙皓,中国医科大学
基于贝叶斯方法整合临床与基因数据的类风湿关节炎预后风险模型研究,付凌雨,中国医科大学, 李光校,中国医科大学
基于贝叶斯方法整合临床与基因数据的类风湿关节炎预后风险模型研究,付凌雨,中国医科大学, 陈萌,中国医科大学
基于贝叶斯方法整合临床与基因数据的类风湿关节炎预后风险模型研究,付凌雨,中国医科大学, 艾聪,中国医科大学
肺部4D CT图像的高精度非刚性配准算法研究,董恩清,山东大学, 曹祝楼,山东大学
肺部4D CT图像的高精度非刚性配准算法研究,董恩清,山东大学, 唐振超,山东大学
肺部4D CT图像的高精度非刚性配准算法研究,董恩清,山东大学, 孙文燕,山东大学
肺部4D CT图像的高精度非刚性配准算法研究,董恩清,山东大学, 薛鹏,山东大学
肺部4D CT图像的高精度非刚性配准算法研究,董恩清,山东大学, 黄文高,山东大学
肺部4D CT图像的高精度非刚性配准算法研究,董恩清,山东大学, 葛全序,威海市立医院
肺部4D CT图像的高精度非刚性配准算法研究,董恩清,山东大学, 房伟,潍坊市益都中心医院
肺部4D CT图像的高精度非刚性配准算法研究,董恩清,山东大学, 亓玉佩,山东大学
肺部4D CT图像的高精度非刚性配准算法研究,董恩清,山东大学, 李宇森,山东大学
硬脆性岩石强度演化特征与深埋岩体长期强度研究,杨艳霜,湖北工业大学, 李金兰,湖北工业大学
硬脆性岩石强度演化特征与深埋岩体长期强度研究,杨艳霜,湖北工业大学, 路瑞利,湖北工业大学
硬脆性岩石强度演化特征与深埋岩体长期强度研究,杨艳霜,湖北工业大学, 李立风,湖北工业大学
硬脆性岩石强度演化特征与深埋岩体长期强度研究,杨艳霜,湖北工业大学, 高崎,湖北工业大学
lncRNA DRIALA调控自噬介导的乳腺癌细胞凋亡的机制研究,龚畅,中山大学, 黄海,中山大学
lncRNA DRIALA调控自噬介导的乳腺癌细胞凋亡的机制研究,龚畅,中山大学, 陈凯,中山大学
lncRNA DRIALA调控自噬介导的乳腺癌细胞凋亡的机制研究,龚畅,中山大学, 金歆,中山大学
lncRNA DRIALA调控自噬介导的乳腺癌细胞凋亡的机制研究,龚畅,中山大学, 梁格豪,中山大学
lncRNA DRIALA调控自噬介导的乳腺癌细胞凋亡的机制研究,龚畅,中山大学, 陈怡,中山大学
lncRNA DRIALA调控自噬介导的乳腺癌细胞凋亡的机制研究,龚畅,中山大学, 罗伟,中山大学
lncRNA DRIALA调控自噬介导的乳腺癌细胞凋亡的机制研究,龚畅,中山大学, 刘子豪,中山大学
离心泵叶轮内失速涡的触发机理及动力学特性研究,周佩剑,中国计量大学, 牟介刚,浙江工业大学
离心泵叶轮内失速涡的触发机理及动力学特性研究,周佩剑,中国计量大学, 吴登昊,浙江工业大学
离心泵叶轮内失速涡的触发机理及动力学特性研究,周佩剑,中国计量大学, 任芸,浙江工业大学
离心泵叶轮内失速涡的触发机理及动力学特性研究,周佩剑,中国计量大学, 吴振兴,浙江工业大学
离心泵叶轮内失速涡的触发机理及动力学特性研究,周佩剑,中国计量大学, 刘涛,浙江工业大学
离心泵叶轮内失速涡的触发机理及动力学特性研究,周佩剑,中国计量大学, 张冯烨,浙江工业大学
冠心病患者健康行为模型及移动健康管理模式的构建与实证研究,吴瑛,首都医科大学, 张博论,台湾阳明大学
冠心病患者健康行为模型及移动健康管理模式的构建与实证研究,吴瑛,首都医科大学, 李佳,首都医科大学
冠心病患者健康行为模型及移动健康管理模式的构建与实证研究,吴瑛,首都医科大学, 季美华,首都医科大学
冠心病患者健康行为模型及移动健康管理模式的构建与实证研究,吴瑛,首都医科大学, 崔妍妍,首都医科大学
冠心病患者健康行为模型及移动健康管理模式的构建与实证研究,吴瑛,首都医科大学, 丁舒,首都医科大学
冠心病患者健康行为模型及移动健康管理模式的构建与实证研究,吴瑛,首都医科大学, 张艳,首都医科大学
冠心病患者健康行为模型及移动健康管理模式的构建与实证研究,吴瑛,首都医科大学, 刘溢思,首都医科大学
冠心病患者健康行为模型及移动健康管理模式的构建与实证研究,吴瑛,首都医科大学, 秦彦荣,首都医科大学
冠心病患者健康行为模型及移动健康管理模式的构建与实证研究,吴瑛,首都医科大学, 梁竹苑,中国科学院心理研究所
高温高频条件下航空合金焊接接头超长寿命疲劳损伤机理与寿命预测研究,刘永杰,四川大学, 魏泳涛,四川大学
高温高频条件下航空合金焊接接头超长寿命疲劳损伤机理与寿命预测研究,刘永杰,四川大学, 石宵爽,四川大学
高温高频条件下航空合金焊接接头超长寿命疲劳损伤机理与寿命预测研究,刘永杰,四川大学, Muhammad Kashif KHAN,英国考文垂大学
高温高频条件下航空合金焊接接头超长寿命疲劳损伤机理与寿命预测研究,刘永杰,四川大学, 邵冰莓,四川大学
高温高频条件下航空合金焊接接头超长寿命疲劳损伤机理与寿命预测研究,刘永杰,四川大学, 张宏,四川大学
高温高频条件下航空合金焊接接头超长寿命疲劳损伤机理与寿命预测研究,刘永杰,四川大学, 陈尧,四川大学
高温高频条件下航空合金焊接接头超长寿命疲劳损伤机理与寿命预测研究,刘永杰,四川大学, 杨昆,四川大学
高温高频条件下航空合金焊接接头超长寿命疲劳损伤机理与寿命预测研究,刘永杰,四川大学, 谢少雄,四川大学
高温高频条件下航空合金焊接接头超长寿命疲劳损伤机理与寿命预测研究,刘永杰,四川大学, 李权,四川大学
基于集合降雨预报和可变模糊集的洪水预报方法研究,薛志春,北京市水科学技术研究院, 张海涛,中国水利水电科学研究院
基于集合降雨预报和可变模糊集的洪水预报方法研究,薛志春,北京市水科学技术研究院, 刘扬,中国水利水电科学研究院
基于集合降雨预报和可变模糊集的洪水预报方法研究,薛志春,北京市水科学技术研究院, 张艳平,中国水利水电科学研究院
基于集合降雨预报和可变模糊集的洪水预报方法研究,薛志春,北京市水科学技术研究院, 林鹏飞,中国水利水电科学研究院
基于集合降雨预报和可变模糊集的洪水预报方法研究,薛志春,北京市水科学技术研究院, 孙萍萍,中国水利水电科学研究院
基于集合降雨预报和可变模糊集的洪水预报方法研究,薛志春,北京市水科学技术研究院, 姚懿真,中国水利水电科学研究院
基于集合降雨预报和可变模糊集的洪水预报方法研究,薛志春,北京市水科学技术研究院, 刘鼎,中国水利水电科学研究院
准静态边界条件对输水系统水锤压力的影响研究,张健,河海大学, 陈胜,河海大学
准静态边界条件对输水系统水锤压力的影响研究,张健,河海大学, 贺蔚,河海大学
准静态边界条件对输水系统水锤压力的影响研究,张健,河海大学, 刘甲春,河海大学
准静态边界条件对输水系统水锤压力的影响研究,张健,河海大学, 倪尉翔,河海大学
准静态边界条件对输水系统水锤压力的影响研究,张健,河海大学, 许听雨,河海大学
准静态边界条件对输水系统水锤压力的影响研究,张健,河海大学, 葛佩明,河海大学
准静态边界条件对输水系统水锤压力的影响研究,张健,河海大学, 李楠,河海大学
准静态边界条件对输水系统水锤压力的影响研究,张健,河海大学, 郑雪莲,河海大学
梯形琴键堰泄流能力影响因素及其敏感性研究,胡晗,长江水利委员会长江科学院, 王才欢,长江水利委员会长江科学院
梯形琴键堰泄流能力影响因素及其敏感性研究,胡晗,长江水利委员会长江科学院, 李利,长江水利委员会长江科学院
梯形琴键堰泄流能力影响因素及其敏感性研究,胡晗,长江水利委员会长江科学院, 胡梅从,长江水利委员会长江科学院
中国水库大坝风险后果分析模型研究,李宗坤,郑州大学, 王建有,郑州大学
中国水库大坝风险后果分析模型研究,李宗坤,郑州大学, 王娟,郑州大学
中国水库大坝风险后果分析模型研究,李宗坤,郑州大学, 赵凤遥,郑州大学
中国水库大坝风险后果分析模型研究,李宗坤,郑州大学, 葛巍,郑州大学
中国水库大坝风险后果分析模型研究,李宗坤,郑州大学, 李巍,郑州大学
中国水库大坝风险后果分析模型研究,李宗坤,郑州大学, 李奇,郑州大学
中国水库大坝风险后果分析模型研究,李宗坤,郑州大学, 吴赛,郑州大学
中国水库大坝风险后果分析模型研究,李宗坤,郑州大学, 李娟娟,郑州大学
中国水库大坝风险后果分析模型研究,李宗坤,郑州大学, 陈浩帆,郑州大学
基于数字孪生的复杂产品生命周期能效评估理论与优化方法,左颖,北京航空航天大学, 邹孝付,北京航空航天大学
基于数字孪生的复杂产品生命周期能效评估理论与优化方法,左颖,北京航空航天大学, 程江峰,北京航空航天大学
基于数字孪生的复杂产品生命周期能效评估理论与优化方法,左颖,北京航空航天大学, 戚庆林,北京航空航天大学
基于数字孪生的复杂产品生命周期能效评估理论与优化方法,左颖,北京航空航天大学, 张萌,北京航空航天大学
基于数字孪生的复杂产品生命周期能效评估理论与优化方法,左颖,北京航空航天大学, 罗瑞,北京航空航天大学
基于数字孪生的复杂产品生命周期能效评估理论与优化方法,左颖,北京航空航天大学, 唐玥,北京航空航天大学
基于数字孪生的复杂产品生命周期能效评估理论与优化方法,左颖,北京航空航天大学, 孟凡奇,北京航空航天大学
基于数字孪生的复杂产品生命周期能效评估理论与优化方法,左颖,北京航空航天大学, 张鹏元,北京航空航天大学
基于数字孪生的复杂产品生命周期能效评估理论与优化方法,左颖,北京航空航天大学, 隋芳媛,北京航空航天大学
稀疏设计空间压缩原理与演进式设计智能创成方法研究,田凌,清华大学, 刘钡钡,清华大学
稀疏设计空间压缩原理与演进式设计智能创成方法研究,田凌,清华大学, 张承巍,清华大学
稀疏设计空间压缩原理与演进式设计智能创成方法研究,田凌,清华大学, 刘果,清华大学
稀疏设计空间压缩原理与演进式设计智能创成方法研究,田凌,清华大学, 陈俊宇,清华大学
稀疏设计空间压缩原理与演进式设计智能创成方法研究,田凌,清华大学, 郑孟蕾,清华大学
稀疏设计空间压缩原理与演进式设计智能创成方法研究,田凌,清华大学, 黄忠山,清华大学
稀疏设计空间压缩原理与演进式设计智能创成方法研究,田凌,清华大学, 雷美娟,清华大学
真空—堆载联合预压下塑料排水板地基的侧向变形机理与预测方法研究,徐方,中南大学, 李东平,中南大学
真空—堆载联合预压下塑料排水板地基的侧向变形机理与预测方法研究,徐方,中南大学, 聂如松,中南大学
真空—堆载联合预压下塑料排水板地基的侧向变形机理与预测方法研究,徐方,中南大学, 杨奇,中南大学
真空—堆载联合预压下塑料排水板地基的侧向变形机理与预测方法研究,徐方,中南大学, 郭一鹏,中南大学
真空—堆载联合预压下塑料排水板地基的侧向变形机理与预测方法研究,徐方,中南大学, 梅慧浩,中南大学
真空—堆载联合预压下塑料排水板地基的侧向变形机理与预测方法研究,徐方,中南大学, 金子豪,中南大学
真空—堆载联合预压下塑料排水板地基的侧向变形机理与预测方法研究,徐方,中南大学, 王游悬,中南大学
稻田水氮耦合尺度效应及其机理,刘路广,湖北省水利水电科学研究院, 吴瑕,湖北省水利水电科学研究院
稻田水氮耦合尺度效应及其机理,刘路广,湖北省水利水电科学研究院, 吴凤燕,湖北省水利水电科学研究院
稻田水氮耦合尺度效应及其机理,刘路广,湖北省水利水电科学研究院, 余明勇,湖北省水利水电科学研究院
稻田水氮耦合尺度效应及其机理,刘路广,湖北省水利水电科学研究院, 董苇,湖北省水利水电科学研究院
稻田水氮耦合尺度效应及其机理,刘路广,湖北省水利水电科学研究院, 陈绪勋,湖北省水利水电科学研究院
稻田水氮耦合尺度效应及其机理,刘路广,湖北省水利水电科学研究院, 王剑,湖北省水利水电科学研究院
高拱坝施工缆机安全运行路径实时规划与智能调控,胡超,三峡大学, 周宜红,三峡大学
高拱坝施工缆机安全运行路径实时规划与智能调控,胡超,三峡大学, 王宇峰,三峡大学
高拱坝施工缆机安全运行路径实时规划与智能调控,胡超,三峡大学, 潘志国,三峡大学
高拱坝施工缆机安全运行路径实时规划与智能调控,胡超,三峡大学, 杨靖,三峡大学
高拱坝施工缆机安全运行路径实时规划与智能调控,胡超,三峡大学, 董四海,三峡大学
高拱坝施工缆机安全运行路径实时规划与智能调控,胡超,三峡大学, 彭湃,三峡大学
纳米水铁矿在土壤中的稳定性及其与砷的协同迁移机制,霍丽娟,太原科技大学, 杨改强,太原科技大学
纳米水铁矿在土壤中的稳定性及其与砷的协同迁移机制,霍丽娟,太原科技大学, 李一菲,太原科技大学
纳米水铁矿在土壤中的稳定性及其与砷的协同迁移机制,霍丽娟,太原科技大学, 刘晓娜,太原科技大学
纳米水铁矿在土壤中的稳定性及其与砷的协同迁移机制,霍丽娟,太原科技大学, 吉莉,太原科技大学
纳米水铁矿在土壤中的稳定性及其与砷的协同迁移机制,霍丽娟,太原科技大学, 赵慧超,太原科技大学
纳米水铁矿在土壤中的稳定性及其与砷的协同迁移机制,霍丽娟,太原科技大学, 康丽,太原科技大学
带温大塑性变形制备超细/纳米晶双相不锈钢及其在深海环境下的冲刷腐蚀特性研究,张留艳,广东工业大学, 曾鹏,广东工业大学
带温大塑性变形制备超细/纳米晶双相不锈钢及其在深海环境下的冲刷腐蚀特性研究,张留艳,广东工业大学, 刘春英,广东工业大学
带温大塑性变形制备超细/纳米晶双相不锈钢及其在深海环境下的冲刷腐蚀特性研究,张留艳,广东工业大学, 黄晓晔,广东工业大学
带温大塑性变形制备超细/纳米晶双相不锈钢及其在深海环境下的冲刷腐蚀特性研究,张留艳,广东工业大学, 郑琼彬,广东工业大学
带温大塑性变形制备超细/纳米晶双相不锈钢及其在深海环境下的冲刷腐蚀特性研究,张留艳,广东工业大学, 陈雄飞,广东工业大学
基于潮汐发电贯流式水轮机水动力特性的过鱼伤害机理研究,杨春霞,河海大学, 潘虹,河海大学
基于潮汐发电贯流式水轮机水动力特性的过鱼伤害机理研究,杨春霞,河海大学, 葛新峰,河海大学
基于潮汐发电贯流式水轮机水动力特性的过鱼伤害机理研究,杨春霞,河海大学, 阚阚,河海大学
基于潮汐发电贯流式水轮机水动力特性的过鱼伤害机理研究,杨春霞,河海大学, 陈会向,河海大学
基于潮汐发电贯流式水轮机水动力特性的过鱼伤害机理研究,杨春霞,河海大学, 刘惠文,河海大学
基于潮汐发电贯流式水轮机水动力特性的过鱼伤害机理研究,杨春霞,河海大学, 付士凤,河海大学
基于潮汐发电贯流式水轮机水动力特性的过鱼伤害机理研究,杨春霞,河海大学, 蒋文青,河海大学
基于潮汐发电贯流式水轮机水动力特性的过鱼伤害机理研究,杨春霞,河海大学, 李东阔,河海大学
具有加性时变时滞和马尔科夫跳跃的中立型动力系统的稳定与控制,熊良林,云南民族大学, 成军,湖北民族大学
具有加性时变时滞和马尔科夫跳跃的中立型动力系统的稳定与控制,熊良林,云南民族大学, 谭学文,云南民族大学
具有加性时变时滞和马尔科夫跳跃的中立型动力系统的稳定与控制,熊良林,云南民族大学, 邱洁,云南民族大学
具有加性时变时滞和马尔科夫跳跃的中立型动力系统的稳定与控制,熊良林,云南民族大学, 李蓉,云南民族大学
具有加性时变时滞和马尔科夫跳跃的中立型动力系统的稳定与控制,熊良林,云南民族大学, 彭晨,云南民族大学
水工混凝土早龄期热膨胀系数的多尺度预测模型,曹秀丽,浙江水利水电学院, 喻骁,南京工程学院
水工混凝土早龄期热膨胀系数的多尺度预测模型,曹秀丽,浙江水利水电学院, 牛龙龙,南京工程学院
水工混凝土早龄期热膨胀系数的多尺度预测模型,曹秀丽,浙江水利水电学院, 夏冰青,南京工程学院
水工混凝土早龄期热膨胀系数的多尺度预测模型,曹秀丽,浙江水利水电学院, 过轶青,南京工程学院
降雨诱发土质滑坡大变形破坏机制分析与致灾范围预测,王斌,中国科学院武汉岩土力学研究所, 闵弘,中国科学院武汉岩土力学研究所
降雨诱发土质滑坡大变形破坏机制分析与致灾范围预测,王斌,中国科学院武汉岩土力学研究所, 魏明尧,中国科学院武汉岩土力学研究所
降雨诱发土质滑坡大变形破坏机制分析与致灾范围预测,王斌,中国科学院武汉岩土力学研究所, 阮航,中国科学院武汉岩土力学研究所
降雨诱发土质滑坡大变形破坏机制分析与致灾范围预测,王斌,中国科学院武汉岩土力学研究所, 崔洁,中国科学院武汉岩土力学研究所
降雨诱发土质滑坡大变形破坏机制分析与致灾范围预测,王斌,中国科学院武汉岩土力学研究所, 钟山,中国科学院武汉岩土力学研究所
降雨诱发土质滑坡大变形破坏机制分析与致灾范围预测,王斌,中国科学院武汉岩土力学研究所, 李桐,中国科学院武汉岩土力学研究所
新型免疫刺激剂的设计、合成及免疫评价,李艳梅,清华大学, 陈谱光,清华大学
新型免疫刺激剂的设计、合成及免疫评价,李艳梅,清华大学, 李高,清华大学
新型免疫刺激剂的设计、合成及免疫评价,李艳梅,清华大学, 李倩倩,清华大学
新型免疫刺激剂的设计、合成及免疫评价,李艳梅,清华大学, 张正宵,清华大学
新型免疫刺激剂的设计、合成及免疫评价,李艳梅,清华大学, 陈怀,清华大学
新型免疫刺激剂的设计、合成及免疫评价,李艳梅,清华大学, 吴军军,清华大学
新型免疫刺激剂的设计、合成及免疫评价,李艳梅,清华大学, 张伯斗,清华大学
新型免疫刺激剂的设计、合成及免疫评价,李艳梅,清华大学, LIM YEH JUN,清华大学
不确定条件下半湿润偏旱灌区多目标水资源优化配置模型和应用研究,杨改强,太原科技大学, 霍丽娟,太原科技大学
不确定条件下半湿润偏旱灌区多目标水资源优化配置模型和应用研究,杨改强,太原科技大学, 高淑琴,太原科技大学
不确定条件下半湿润偏旱灌区多目标水资源优化配置模型和应用研究,杨改强,太原科技大学, 刘晓红,太原科技大学
不确定条件下半湿润偏旱灌区多目标水资源优化配置模型和应用研究,杨改强,太原科技大学, 程明超,太原科技大学
不确定条件下半湿润偏旱灌区多目标水资源优化配置模型和应用研究,杨改强,太原科技大学, 高雪莹,太原科技大学
基于分形理论的三维岩体裂隙网络非线性渗流机理研究,刘日成,中国矿业大学, 苏海健,中国矿业大学
基于分形理论的三维岩体裂隙网络非线性渗流机理研究,刘日成,中国矿业大学, 孟波,中国矿业大学
基于分形理论的三维岩体裂隙网络非线性渗流机理研究,刘日成,中国矿业大学, 尹乾,中国矿业大学
基于分形理论的三维岩体裂隙网络非线性渗流机理研究,刘日成,中国矿业大学, 杜明瑞,中国矿业大学
基于分形理论的三维岩体裂隙网络非线性渗流机理研究,刘日成,中国矿业大学, 张晶,中国矿业大学
基于分形理论的三维岩体裂隙网络非线性渗流机理研究,刘日成,中国矿业大学, 李光雷,中国矿业大学
基于函数型数据分析的鄱阳湖水资源短缺动态综合评价模型研究,闫峰,南昌大学, 刘成林,南昌大学
基于函数型数据分析的鄱阳湖水资源短缺动态综合评价模型研究,闫峰,南昌大学, 祝鹏,南昌大学
基于函数型数据分析的鄱阳湖水资源短缺动态综合评价模型研究,闫峰,南昌大学, 袁冬阳,南昌大学
基于函数型数据分析的鄱阳湖水资源短缺动态综合评价模型研究,闫峰,南昌大学, 张带琴,南昌大学
基于函数型数据分析的鄱阳湖水资源短缺动态综合评价模型研究,闫峰,南昌大学, 皮家骏,南昌大学
弱刚度工件的多机械臂协调加工方法研究,陆国栋,浙江大学, 王进,浙江大学
弱刚度工件的多机械臂协调加工方法研究,陆国栋,浙江大学, 徐凡,浙江大学
弱刚度工件的多机械臂协调加工方法研究,陆国栋,浙江大学, 王伟,浙江大学
弱刚度工件的多机械臂协调加工方法研究,陆国栋,浙江大学, 党渊渊,浙江大学
弱刚度工件的多机械臂协调加工方法研究,陆国栋,浙江大学, 姚杰,浙江大学
弱刚度工件的多机械臂协调加工方法研究,陆国栋,浙江大学, 桑子涵,浙江大学
弱刚度工件的多机械臂协调加工方法研究,陆国栋,浙江大学, 白玉龙,浙江大学
弱刚度工件的多机械臂协调加工方法研究,陆国栋,浙江大学, 彭理仁,浙江大学
区域抗旱自适应能力形成机制与定量评估方法研究,常文娟,三峡大学, 马海波,三峡大学
区域抗旱自适应能力形成机制与定量评估方法研究,常文娟,三峡大学, 郭家力,三峡大学
区域抗旱自适应能力形成机制与定量评估方法研究,常文娟,三峡大学, 韦能,三峡大学
区域抗旱自适应能力形成机制与定量评估方法研究,常文娟,三峡大学, 周栋,三峡大学
面向航空发动机苛刻环境光纤传感的关键科学问题研究,于永森,吉林大学, 杨正兵,中国航发四川燃气涡轮研究院
面向航空发动机苛刻环境光纤传感的关键科学问题研究,于永森,吉林大学, 陈博,西北工业大学
面向航空发动机苛刻环境光纤传感的关键科学问题研究,于永森,吉林大学, 贾志旭,吉林大学
面向航空发动机苛刻环境光纤传感的关键科学问题研究,于永森,吉林大学, 张宗达,吉林大学
面向航空发动机苛刻环境光纤传感的关键科学问题研究,于永森,吉林大学, 国旗,吉林大学
面向航空发动机苛刻环境光纤传感的关键科学问题研究,于永森,吉林大学, 明昕宇,吉林大学
面向航空发动机苛刻环境光纤传感的关键科学问题研究,于永森,吉林大学, 崔丁元,吉林大学
面向航空发动机苛刻环境光纤传感的关键科学问题研究,于永森,吉林大学, 雷成秀,吉林大学
地下滴灌多孔出流特性及均匀度数值模型研究,王剑,江苏大学, 朱兴业,江苏大学
地下滴灌多孔出流特性及均匀度数值模型研究,王剑,江苏大学, 张帆,江苏大学
地下滴灌多孔出流特性及均匀度数值模型研究,王剑,江苏大学, 汤攀,江苏大学
地下滴灌多孔出流特性及均匀度数值模型研究,王剑,江苏大学, 许正典,江苏大学
地下滴灌多孔出流特性及均匀度数值模型研究,王剑,江苏大学, 肖思强,江苏大学
基于位置服务的地理社交网络模型构建及隐私保护方法研究,罗永龙,安徽师范大学, 孙丽萍,安徽师范大学
基于位置服务的地理社交网络模型构建及隐私保护方法研究,罗永龙,安徽师范大学, 赵传信,安徽师范大学
基于位置服务的地理社交网络模型构建及隐私保护方法研究,罗永龙,安徽师范大学, 徐致云,安徽师范大学
基于位置服务的地理社交网络模型构建及隐私保护方法研究,罗永龙,安徽师范大学, 郑孝遥,安徽师范大学
基于位置服务的地理社交网络模型构建及隐私保护方法研究,罗永龙,安徽师范大学, 俞庆英,安徽师范大学
基于位置服务的地理社交网络模型构建及隐私保护方法研究,罗永龙,安徽师范大学, 胡桂银,安徽师范大学
基于位置服务的地理社交网络模型构建及隐私保护方法研究,罗永龙,安徽师范大学, 邓劲松,安徽师范大学
基于位置服务的地理社交网络模型构建及隐私保护方法研究,罗永龙,安徽师范大学, 邢凯,安徽师范大学
基于位置服务的地理社交网络模型构建及隐私保护方法研究,罗永龙,安徽师范大学, 宁雪莉,安徽师范大学
