发明人,专利名
岳晓飞,Gaia系统中的面向图迭代作业的运行时间预测系统及方法
王国仁,Gaia系统中的面向图迭代作业的运行时间预测系统及方法
赵宇海,Gaia系统中的面向图迭代作业的运行时间预测系统及方法
郑军,Gaia系统中的面向图迭代作业的运行时间预测系统及方法
李博扬,Gaia系统中的面向图迭代作业的运行时间预测系统及方法
岳晓飞,一种Gaia系统中基于数据特征的动态优先级迭代器
赵宇海,一种Gaia系统中基于数据特征的动态优先级迭代器
王国仁,一种Gaia系统中基于数据特征的动态优先级迭代器
季航旭,一种Gaia系统中基于数据特征的动态优先级迭代器
李博扬,一种Gaia系统中基于数据特征的动态优先级迭代器
印莹,一种基于弹性维特征向量优化抽取的协同过滤推荐方法
赵宇海,一种基于弹性维特征向量优化抽取的协同过滤推荐方法
郭颂,一种基于弹性维特征向量优化抽取的协同过滤推荐方法
张斌,一种基于弹性维特征向量优化抽取的协同过滤推荐方法
陈德阳,一种Gaia系统中的多作业合并与优化系统及方法
王国仁,一种Gaia系统中的多作业合并与优化系统及方法
赵宇海,一种Gaia系统中的多作业合并与优化系统及方法
郑军,一种Gaia系统中的多作业合并与优化系统及方法
李荣华,一种Gaia系统中的多作业合并与优化系统及方法
李文佳,Gaia系统中基于资源反馈的负载均衡任务调度方法及系统
王国仁,Gaia系统中基于资源反馈的负载均衡任务调度方法及系统
赵宇海,Gaia系统中基于资源反馈的负载均衡任务调度方法及系统
郑军,Gaia系统中基于资源反馈的负载均衡任务调度方法及系统
李博扬,Gaia系统中基于资源反馈的负载均衡任务调度方法及系统
宗枫博,一种Gaia系统中的多表连接优化方法
王国仁,一种Gaia系统中的多表连接优化方法
赵宇海,一种Gaia系统中的多表连接优化方法
郑军,一种Gaia系统中的多表连接优化方法
赵宇海,一种基于垂直分解的并行频繁闭序列挖掘方法
印莹,一种基于垂直分解的并行频繁闭序列挖掘方法
王国仁,一种基于垂直分解的并行频繁闭序列挖掘方法
李晨光,一种基于垂直分解的并行频繁闭序列挖掘方法
毕天驰,一种基于垂直分解的并行频繁闭序列挖掘方法
李文佳,一种Gaia系统中的统一表达API调用系统及调用方法
赵宇海,一种Gaia系统中的统一表达API调用系统及调用方法
王国仁,一种Gaia系统中的统一表达API调用系统及调用方法
季航旭,一种Gaia系统中的统一表达API调用系统及调用方法
李博扬,一种Gaia系统中的统一表达API调用系统及调用方法
郭文鹏,一种基于乐观容错方法的迭代器
赵宇海,一种基于乐观容错方法的迭代器
王国仁,一种基于乐观容错方法的迭代器
季航旭,一种基于乐观容错方法的迭代器
李博扬,一种基于乐观容错方法的迭代器
王子萌,一种Gaia中支持多作业并行执行的代理方法
王国仁,一种Gaia中支持多作业并行执行的代理方法
赵宇海,一种Gaia中支持多作业并行执行的代理方法
郑军,一种Gaia中支持多作业并行执行的代理方法
李荣华,一种Gaia中支持多作业并行执行的代理方法
赵恒泰,一种Gaia系统中支持流数据与批数据交互的数据交换系统
王国仁,一种Gaia系统中支持流数据与批数据交互的数据交换系统
赵宇海,一种Gaia系统中支持流数据与批数据交互的数据交换系统
郑军,一种Gaia系统中支持流数据与批数据交互的数据交换系统
李荣华,一种Gaia系统中支持流数据与批数据交互的数据交换系统
季航旭,一种Gaia系统中面向迭代计算的并行度动态调整方法
韦刘国,一种Gaia系统中面向迭代计算的并行度动态调整方法
赵宇海,一种Gaia系统中面向迭代计算的并行度动态调整方法
王国仁,一种Gaia系统中面向迭代计算的并行度动态调整方法
吴刚,一种Gaia系统中面向迭代计算的并行度动态调整方法
李博扬,一种Gaia系统中面向迭代计算的并行度动态调整方法
汪志峰,一种自适应任务调度器及方法
赵宇海,一种自适应任务调度器及方法
王国仁,一种自适应任务调度器及方法
季航旭,一种自适应任务调度器及方法
李博扬,一种自适应任务调度器及方法
姜苏,Gaia集群中面向数据分布特征的维表缓存管理方法及系统
王国仁,Gaia集群中面向数据分布特征的维表缓存管理方法及系统
赵宇海,Gaia集群中面向数据分布特征的维表缓存管理方法及系统
郑军,Gaia集群中面向数据分布特征的维表缓存管理方法及系统
李博扬,Gaia集群中面向数据分布特征的维表缓存管理方法及系统
韦刘国,一种基于受限恢复的图迭代器及方法
赵宇海,一种基于受限恢复的图迭代器及方法
王国仁,一种基于受限恢复的图迭代器及方法
季航旭,一种基于受限恢复的图迭代器及方法
李博扬,一种基于受限恢复的图迭代器及方法
马卿云,一种Gaia集群中面向节点间异构带宽的数据分发方法
王国仁,一种Gaia集群中面向节点间异构带宽的数据分发方法
赵宇海,一种Gaia集群中面向节点间异构带宽的数据分发方法
郑军,一种Gaia集群中面向节点间异构带宽的数据分发方法
李荣华,一种Gaia集群中面向节点间异构带宽的数据分发方法
赵恒泰,Gaia系统中面向融合计算的数据缓存装置与系统
赵宇海,Gaia系统中面向融合计算的数据缓存装置与系统
王国仁,Gaia系统中面向融合计算的数据缓存装置与系统
季航旭,Gaia系统中面向融合计算的数据缓存装置与系统
李博扬,Gaia系统中面向融合计算的数据缓存装置与系统
汪诗烨,一种优化网络多连接的系统和方法
赵宇海,一种优化网络多连接的系统和方法
王国仁,一种优化网络多连接的系统和方法
季航旭,一种优化网络多连接的系统和方法
李博扬,一种优化网络多连接的系统和方法
季航旭,一种基于Gaia系统的数据分类方法
赵宇海,一种基于Gaia系统的数据分类方法
王国仁,一种基于Gaia系统的数据分类方法
吴刚,一种基于Gaia系统的数据分类方法
李博扬,一种基于Gaia系统的数据分类方法
赵宇海,面向大规模高维序列数据的交互特征并行选择方法
印莹,面向大规模高维序列数据的交互特征并行选择方法
郭文鹏,面向大规模高维序列数据的交互特征并行选择方法
王国仁,面向大规模高维序列数据的交互特征并行选择方法
祁宏伟,面向大规模高维序列数据的交互特征并行选择方法
吴建华,可调间隙实验平台
韩勇,可调间隙实验平台
刘超,可调间隙实验平台
杨启杰,可调间隙实验平台
熊振华,可调间隙实验平台
吴建华,一种机器人快速示教分拣系统和方法
丁铖,一种机器人快速示教分拣系统和方法
熊振华,一种机器人快速示教分拣系统和方法
盛鑫军,一种机器人快速示教分拣系统和方法
朱向阳,一种机器人快速示教分拣系统和方法
吴建华,一种人机安全防护系统和防护方法
丁铖,一种人机安全防护系统和防护方法
单腾飞,一种人机安全防护系统和防护方法
熊振华,一种人机安全防护系统和防护方法
朱向阳,一种人机安全防护系统和防护方法
吴建华,基于继电反馈的伺服系统间隙辨识方法
韩勇,基于继电反馈的伺服系统间隙辨识方法
刘超,基于继电反馈的伺服系统间隙辨识方法
杨启杰,基于继电反馈的伺服系统间隙辨识方法
熊振华,基于继电反馈的伺服系统间隙辨识方法
韩勇,一种基于指点杆的多通道触觉传感器及相应的控制方法
熊振华,一种基于指点杆的多通道触觉传感器及相应的控制方法
吴建华,一种基于指点杆的多通道触觉传感器及相应的控制方法
吴建华,一种基于继电器位置反馈相轨迹曲线拟合的伺服系统辨识方法
史晓立,一种基于继电器位置反馈相轨迹曲线拟合的伺服系统辨识方法
韩勇,一种基于继电器位置反馈相轨迹曲线拟合的伺服系统辨识方法
熊振华,一种基于继电器位置反馈相轨迹曲线拟合的伺服系统辨识方法
朱向阳,一种基于继电器位置反馈相轨迹曲线拟合的伺服系统辨识方法
吴建华,一种基于RTX+DSP的多轴运动控制器通信系统
刘超,一种基于RTX+DSP的多轴运动控制器通信系统
杨启杰,一种基于RTX+DSP的多轴运动控制器通信系统
熊振华,一种基于RTX+DSP的多轴运动控制器通信系统
盛鑫军,一种基于RTX+DSP的多轴运动控制器通信系统
吴建华,一种机器人动力学模型辨识方法
熊振华,一种机器人动力学模型辨识方法
韩勇,一种机器人动力学模型辨识方法
史晓立,一种机器人动力学模型辨识方法
朱向阳,一种机器人动力学模型辨识方法
郑其斌,一种提高太赫兹被动成像单元灵敏度的调 制解调方法
丁丽,一种提高太赫兹被动成像单元灵敏度的调 制解调方法
李银伟,一种提高太赫兹被动成像单元灵敏度的调 制解调方法
赵旋,一种提高太赫兹被动成像单元灵敏度的调 制解调方法
李星,一种提高太赫兹被动成像单元灵敏度的调 制解调方法
邱政宣,一种提高太赫兹被动成像单元灵敏度的调 制解调方法
王晓鲲,一种提高太赫兹被动成像单元灵敏度的调 制解调方法
林文褀,一种提高太赫兹被动成像单元灵敏度的调 制解调方法
卜朝晖,一种提高太赫兹被动成像单元灵敏度的调 制解调方法
李萍,一种提高太赫兹被动成像单元灵敏度的调 制解调方法
朱亦鸣,一种提高太赫兹被动成像单元灵敏度的调 制解调方法
李超,基于MIMO 阵列合成孔径的三维快速成像方法及装置
高航,基于MIMO 阵列合成孔径的三维快速成像方法及装置
吴世有,基于MIMO 阵列合成孔径的三维快速成像方法及装置
方广有,基于MIMO 阵列合成孔径的三维快速成像方法及装置
李超,用于目标跟踪的测角方法
李宏伟,用于目标跟踪的测角方法
吴世有,用于目标跟踪的测角方法
高航,用于目标跟踪的测角方法
方广有,用于目标跟踪的测角方法
郭旭光,基于伪表面等离激元三维堆叠结构的传感器
郑兴国,基于伪表面等离激元三维堆叠结构的传感器
朱亦鸣,基于伪表面等离激元三维堆叠结构的传感器
丁丽,一种基于矩阵填充的太赫兹稀疏成像设计
李萍,一种基于矩阵填充的太赫兹稀疏成像设计
朱亦鸣,一种基于矩阵填充的太赫兹稀疏成像设计
吴淑娴,一种基于矩阵填充的太赫兹稀疏成像设计
张紫欣,一种基于矩阵填充的太赫兹稀疏成像设计
丁丽,一种基于单站阵型映射到MIMO阵型的设计 方法
李银伟,一种基于单站阵型映射到MIMO阵型的设计 方法
李萍,一种基于单站阵型映射到MIMO阵型的设计 方法
朱亦鸣,一种基于单站阵型映射到MIMO阵型的设计 方法
尹丽娟,一种基于单站阵型映射到MIMO阵型的设计 方法
丁丽,基于布鲁斯特角测量的太赫兹物质介电常数测量系统
王喜旺,基于布鲁斯特角测量的太赫兹物质介电常数测量系统
夏克文,基于布鲁斯特角测量的太赫兹物质介电常数测量系统
朱亦鸣,基于布鲁斯特角测量的太赫兹物质介电常数测量系统
李超,成像装置、方法、电子设备及存储介质
高航,成像装置、方法、电子设备及存储介质
吴世有,成像装置、方法、电子设备及存储介质
方广有,成像装置、方法、电子设备及存储介质
李超,基于透射型频控波束扫描器件的太赫兹成像系统
郑深,基于透射型频控波束扫描器件的太赫兹成像系统
张晓娟,基于透射型频控波束扫描器件的太赫兹成像系统
方广有,基于透射型频控波束扫描器件的太赫兹成像系统
丁丽,基于SIW的太赫兹传输结构及其制备方法和 应用
李萍,基于SIW的太赫兹传输结构及其制备方法和 应用
朱亦鸣,基于SIW的太赫兹传输结构及其制备方法和 应用
熊毓俊,基于SIW的太赫兹传输结构及其制备方法和 应用
鲍佳宸,基于SIW的太赫兹传输结构及其制备方法和 应用
李超,基于MIMO阵列的成像方法及装置
杨冠,基于MIMO阵列的成像方法及装置
高航,基于MIMO阵列的成像方法及装置
方广有,基于MIMO阵列的成像方法及装置
李超,用于MIMO波束成形的栅旁瓣抑制方法
杨冠,用于MIMO波束成形的栅旁瓣抑制方法
方广有,用于MIMO波束成形的栅旁瓣抑制方法
李超,用于MIMO阵列的相移偏移成像方法及装置
高航,用于MIMO阵列的相移偏移成像方法及装置
吴世有,用于MIMO阵列的相移偏移成像方法及装置
方广有,用于MIMO阵列的相移偏移成像方法及装置
李超,基于MIMO-SAR的高精度三维快速成像方法及装置
高航,基于MIMO-SAR的高精度三维快速成像方法及装置
吴世有,基于MIMO-SAR的高精度三维快速成像方法及装置
张群英,基于MIMO-SAR的高精度三维快速成像方法及装置
刘小军,基于MIMO-SAR的高精度三维快速成像方法及装置
方广有,基于MIMO-SAR的高精度三维快速成像方法及装置
吴静睿,一种太赫兹波谱系统噪声模拟方法及系统
郭旭光,一种太赫兹波谱系统噪声模拟方法及系统
朱亦鸣,一种太赫兹波谱系统噪声模拟方法及系统
李超,太赫兹主、被动复合成像准光学扫描系统
耿贺彬,太赫兹主、被动复合成像准光学扫描系统
郑深,太赫兹主、被动复合成像准光学扫描系统
方广有,太赫兹主、被动复合成像准光学扫描系统
李超,基于二维矩量法和射线追迹法的透镜高效仿真、优化方法
耿贺彬,基于二维矩量法和射线追迹法的透镜高效仿真、优化方法
郑深,基于二维矩量法和射线追迹法的透镜高效仿真、优化方法
方广有,基于二维矩量法和射线追迹法的透镜高效仿真、优化方法
李超,一种用于MIMO-SAR的三维快速成像方法
杨冠,一种用于MIMO-SAR的三维快速成像方法
方广有,一种用于MIMO-SAR的三维快速成像方法
李超,基于多波束非线性鉴角的目标跟踪方法
李宏伟,基于多波束非线性鉴角的目标跟踪方法
吴世有,基于多波束非线性鉴角的目标跟踪方法
郑深,基于多波束非线性鉴角的目标跟踪方法
方广有,基于多波束非线性鉴角的目标跟踪方法
丁丽,一种基于复信号频谱运算的数字IQ校准方 法
朱亦鸣,一种基于复信号频谱运算的数字IQ校准方 法
李萍,一种基于复信号频谱运算的数字IQ校准方 法
陶毅,一种基于复信号频谱运算的数字IQ校准方 法
李超,基于多通道数字和差的单脉冲跟踪与成像方法
李宏伟,基于多通道数字和差的单脉冲跟踪与成像方法
吴世有,基于多通道数字和差的单脉冲跟踪与成像方法
高航,基于多通道数字和差的单脉冲跟踪与成像方法
方广有,基于多通道数字和差的单脉冲跟踪与成像方法
李超,透镜的优化方法
郑深,透镜的优化方法
张晓娟,透镜的优化方法
方广有,透镜的优化方法
余安琪,一种等离激元辅助的芯片三维微纳结构的光学测量方法
杨振宇,一种等离激元辅助的芯片三维微纳结构的光学测量方法
郭旭光,一种等离激元辅助的芯片三维微纳结构的光学测量方法
朱亦鸣,一种等离激元辅助的芯片三维微纳结构的光学测量方法
李超,基于MIMO 阵列合成孔径的高精度三维快速成像方法及装置
高航,基于MIMO 阵列合成孔径的高精度三维快速成像方法及装置
吴世有,基于MIMO 阵列合成孔径的高精度三维快速成像方法及装置
张群英,基于MIMO 阵列合成孔径的高精度三维快速成像方法及装置
刘小军,基于MIMO 阵列合成孔径的高精度三维快速成像方法及装置
方广有,基于MIMO 阵列合成孔径的高精度三维快速成像方法及装置
黄青松,一种基于主题模型的胸部X光片诊断报告异常检测方法
殷宁波,一种基于主题模型的胸部X光片诊断报告异常检测方法
尤诚诚,一种基于主题模型的胸部X光片诊断报告异常检测方法
刘利军,一种基于主题模型的胸部X光片诊断报告异常检测方法
冯旭鹏,一种基于主题模型的胸部X光片诊断报告异常检测方法
黄青松,一种基于骨科症状特征选取的文本处理方法
郭峰,一种基于骨科症状特征选取的文本处理方法
余慧,一种基于骨科症状特征选取的文本处理方法
刘利军,一种基于骨科症状特征选取的文本处理方法
冯旭鹏,一种基于骨科症状特征选取的文本处理方法
黄青松,基于综合特征表示与改进宽深度模型的相似病例推荐方法
杨承启,基于综合特征表示与改进宽深度模型的相似病例推荐方法
王艺平,基于综合特征表示与改进宽深度模型的相似病例推荐方法
刘利军,基于综合特征表示与改进宽深度模型的相似病例推荐方法
冯旭鹏,基于综合特征表示与改进宽深度模型的相似病例推荐方法
黄青松,一种深度强相关哈希学习的大规模图像检索方法
单文琦,一种深度强相关哈希学习的大规模图像检索方法
刘利军,一种深度强相关哈希学习的大规模图像检索方法
冯旭鹏,一种深度强相关哈希学习的大规模图像检索方法
颜洪,一种基于多阶段最大化注意力的多项选择机器阅读理解的方法
黄青松,一种基于多阶段最大化注意力的多项选择机器阅读理解的方法
刘利军,一种基于多阶段最大化注意力的多项选择机器阅读理解的方法
冯旭鹏,一种基于多阶段最大化注意力的多项选择机器阅读理解的方法
王江峰,基于改进UNet++的视网膜血管图像分割方法
刘利军,基于改进UNet++的视网膜血管图像分割方法
冯旭鹏,基于改进UNet++的视网膜血管图像分割方法
黄青松,基于改进UNet++的视网膜血管图像分割方法
黄青松,基于实体关系标注策略的中医电子病历实体关系提取方法
陈尧文,基于实体关系标注策略的中医电子病历实体关系提取方法
谢先章,基于实体关系标注策略的中医电子病历实体关系提取方法
刘利军,基于实体关系标注策略的中医电子病历实体关系提取方法
冯旭鹏,基于实体关系标注策略的中医电子病历实体关系提取方法
黄青松,基于卷积神经网络对肺结节的恶性程度进行分类的方法
段彦隆,基于卷积神经网络对肺结节的恶性程度进行分类的方法
赵晓乐,基于卷积神经网络对肺结节的恶性程度进行分类的方法
刘利军,基于卷积神经网络对肺结节的恶性程度进行分类的方法
冯旭鹏,基于卷积神经网络对肺结节的恶性程度进行分类的方法
傅铁威,基于卷积神经网络对肺结节的恶性程度进行分类的方法
黄青松,一种基于词性增量迭代的在线医疗文本症状识别方法
尤诚诚,一种基于词性增量迭代的在线医疗文本症状识别方法
余慧,一种基于词性增量迭代的在线医疗文本症状识别方法
刘利军,一种基于词性增量迭代的在线医疗文本症状识别方法
冯旭鹏,一种基于词性增量迭代的在线医疗文本症状识别方法
黄青松,基于多视图、多尺度、多任务肺结节分类方法
张帅威,基于多视图、多尺度、多任务肺结节分类方法
刘利军,基于多视图、多尺度、多任务肺结节分类方法
冯旭鹏,基于多视图、多尺度、多任务肺结节分类方法
王林珠,一种减少加废钢时粘渣的废钢槽及方法
李长荣,一种减少加废钢时粘渣的废钢槽及方法
庄昌凌,一种减少加废钢时粘渣的废钢槽及方法
李翔,一种减少加废钢时粘渣的废钢槽及方法
龙潇,一种减少加废钢时粘渣的废钢槽及方法
王林珠,一种防止转炉加废钢时废钢槽滑落的装置及使用方法
李长荣,一种防止转炉加废钢时废钢槽滑落的装置及使用方法
庄昌凌,一种防止转炉加废钢时废钢槽滑落的装置及使用方法
李翔,一种防止转炉加废钢时废钢槽滑落的装置及使用方法
王林珠,一种转炉喷补出钢口辅助装置及方法
李翔,一种转炉喷补出钢口辅助装置及方法
李长荣,一种转炉喷补出钢口辅助装置及方法
庄昌凌,一种转炉喷补出钢口辅助装置及方法
龙潇,一种转炉喷补出钢口辅助装置及方法
封海波,一种纳米微球乳液合成装置
樊静,一种纳米微球乳液合成装置
张琳梓,一种纳米微球乳液合成装置
刘前虔,一种纳米微球乳液合成装置
冯洋洋,一种纳米微球乳液合成装置
吴代燕,一种纳米微球乳液合成装置
封海波,一种高压纳米脂质体膜挤出装置
樊静,一种高压纳米脂质体膜挤出装置
张琳梓,一种高压纳米脂质体膜挤出装置
刘前虔,一种高压纳米脂质体膜挤出装置
冯洋洋,一种高压纳米脂质体膜挤出装置
吴代燕,一种高压纳米脂质体膜挤出装置
封海波,一种纳米级药物颗粒制备装置
樊静,一种纳米级药物颗粒制备装置
张琳梓,一种纳米级药物颗粒制备装置
刘前虔,一种纳米级药物颗粒制备装置
冯洋洋,一种纳米级药物颗粒制备装置
吴代燕,一种纳米级药物颗粒制备装置
封海波,一种功能性纳米微球的制备装置
樊静,一种功能性纳米微球的制备装置
张琳梓,一种功能性纳米微球的制备装置
刘前虔,一种功能性纳米微球的制备装置
冯洋洋,一种功能性纳米微球的制备装置
吴代燕,一种功能性纳米微球的制备装置
李晓鹏,种植物密度测量装置和种植物密度测量方法
刘建立,种植物密度测量装置和种植物密度测量方法
张佳宝,种植物密度测量装置和种植物密度测量方法
李晓鹏,土壤检测装置和土壤含水量及容重检测方法
何承东,土壤检测装置和土壤含水量及容重检测方法
刘建立,土壤检测装置和土壤含水量及容重检测方法
张佳宝,土壤检测装置和土壤含水量及容重检测方法
闫一凡,土壤检测装置和土壤含水量及容重检测方法
李晓鹏,融合宇宙射线中子法和无人机遥感的中小尺度土壤水监测系统及方法
赵原,融合宇宙射线中子法和无人机遥感的中小尺度土壤水监测系统及方法
刘金涛,融合宇宙射线中子法和无人机遥感的中小尺度土壤水监测系统及方法
刘建立,融合宇宙射线中子法和无人机遥感的中小尺度土壤水监测系统及方法
张佳宝,融合宇宙射线中子法和无人机遥感的中小尺度土壤水监测系统及方法
李晓鹏,探针式土壤墒情传感器
杨坤,探针式土壤墒情传感器
王晟,探针式土壤墒情传感器
刘建立,探针式土壤墒情传感器
张佳宝,探针式土壤墒情传感器
李晓鹏,基于FDR的无线土壤墒情检测装置
杨坤,基于FDR的无线土壤墒情检测装置
王晟,基于FDR的无线土壤墒情检测装置
刘建立,基于FDR的无线土壤墒情检测装置
张佳宝,基于FDR的无线土壤墒情检测装置
郭辉,一种建筑材料切割装置
冯晶晶,一种建筑材料切割装置
高艺,一种建筑材料切割装置
陈玉,一种建筑材料切割装置
郭辉,一种多带隙组合调控的混凝土超材料结构及其制备方法
尹明升,一种多带隙组合调控的混凝土超材料结构及其制备方法
邓妍池,一种多带隙组合调控的混凝土超材料结构及其制备方法
孙亚斌,一种多带隙组合调控的混凝土超材料结构及其制备方法
岳建鑫,一种多带隙组合调控的混凝土超材料结构及其制备方法
陈玉,一种多带隙组合调控的混凝土超材料结构及其制备方法
郭辉,一种耐伽玛射线辐照聚脲材料及其制备方法
陈玉,一种耐伽玛射线辐照聚脲材料及其制备方法
姜欣怡,一种耐伽玛射线辐照聚脲材料及其制备方法
蒋林志,一种耐伽玛射线辐照聚脲材料及其制备方法
卢春江,一种耐伽玛射线辐照聚脲材料及其制备方法
凌星鹏,一种耐伽玛射线辐照聚脲材料及其制备方法
郭辉,一种用于泡沫铝的抗爆耐冲击聚脲涂料及其制备方法
卢春江,一种用于泡沫铝的抗爆耐冲击聚脲涂料及其制备方法
陈玉,一种用于泡沫铝的抗爆耐冲击聚脲涂料及其制备方法
顾蒙,一种用于泡沫铝的抗爆耐冲击聚脲涂料及其制备方法
蒋林志,一种用于泡沫铝的抗爆耐冲击聚脲涂料及其制备方法
凌星鹏,一种用于泡沫铝的抗爆耐冲击聚脲涂料及其制备方法
姜欣怡,一种用于泡沫铝的抗爆耐冲击聚脲涂料及其制备方法
郭辉,一种用于玻璃防护的透明保温聚脲涂层材料及其制备方法
周自荣,一种用于玻璃防护的透明保温聚脲涂层材料及其制备方法
陈玉,一种用于玻璃防护的透明保温聚脲涂层材料及其制备方法
李晓鹏,土壤墒情检测装置
杨坤,土壤墒情检测装置
王晟,土壤墒情检测装置
刘建立,土壤墒情检测装置
张佳宝,土壤墒情检测装置
张志军,基于钙钛矿纳米晶的γ射线闪烁转换屏的制备方法
杨珩,基于钙钛矿纳米晶的γ射线闪烁转换屏的制备方法
李乾利,基于钙钛矿纳米晶的γ射线闪烁转换屏的制备方法
李慧慧,基于钙钛矿纳米晶的γ射线闪烁转换屏的制备方法
李世美,一种可降解铋基微波诊疗试剂及其制备方法和应用
孟宪伟,一种可降解铋基微波诊疗试剂及其制备方法和应用
谭龙飞,一种可降解铋基微波诊疗试剂及其制备方法和应用
任湘菱,一种可降解铋基微波诊疗试剂及其制备方法和应用
吴琼,一种可降解铋基微波诊疗试剂及其制备方法和应用
付长慧,一种可降解铋基微波诊疗试剂及其制备方法和应用
孟宪伟,一种用于微波动力治疗肿瘤的微球及其制备方法和应用
夏娜,一种用于微波动力治疗肿瘤的微球及其制备方法和应用
谭龙飞,一种用于微波动力治疗肿瘤的微球及其制备方法和应用
付长慧,一种用于微波动力治疗肿瘤的微球及其制备方法和应用
吴琼,一种用于微波动力治疗肿瘤的微球及其制备方法和应用
任湘菱,一种用于微波动力治疗肿瘤的微球及其制备方法和应用
周辉,岩石空心圆柱扭剪仪(工装机)
姜玥,岩石空心圆柱扭剪仪(工装机)
卢景景,岩石空心圆柱扭剪仪(工装机)
黄磊,岩石空心圆柱扭剪仪(工装机)
张传庆,岩石空心圆柱扭剪仪(工装机)
胡大伟,岩石空心圆柱扭剪仪(工装机)
高阳,岩石空心圆柱扭剪仪(工装机)
陈珺,岩石空心圆柱扭剪仪(工装机)
周辉,岩石拉压双面剪切试验装置
陈珺,岩石拉压双面剪切试验装置
卢景景,岩石拉压双面剪切试验装置
张传庆,岩石拉压双面剪切试验装置
胡大伟,岩石拉压双面剪切试验装置
姜玥,岩石拉压双面剪切试验装置
卢景景,一种裂隙试样制备方法
谢业统,一种裂隙试样制备方法
周辉,一种裂隙试样制备方法
张传庆,一种裂隙试样制备方法
胡大伟,一种裂隙试样制备方法
龚春艳,一种裂隙试样制备方法
韩钢,一种裂隙试样制备方法
卢景景,实现地质探测的组合式TBM及地质探测掘进方法
龚春艳,实现地质探测的组合式TBM及地质探测掘进方法
周辉,实现地质探测的组合式TBM及地质探测掘进方法
张传庆,实现地质探测的组合式TBM及地质探测掘进方法
杨凡杰,实现地质探测的组合式TBM及地质探测掘进方法
胡大伟,实现地质探测的组合式TBM及地质探测掘进方法
高阳,实现地质探测的组合式TBM及地质探测掘进方法
杨艳霜,实现地质探测的组合式TBM及地质探测掘进方法
卢景景,实现卡机脱困的组合式TBM及卡机脱困掘进方法
龚春艳,实现卡机脱困的组合式TBM及卡机脱困掘进方法
周辉,实现卡机脱困的组合式TBM及卡机脱困掘进方法
张传庆,实现卡机脱困的组合式TBM及卡机脱困掘进方法
高阳,实现卡机脱困的组合式TBM及卡机脱困掘进方法
杨凡杰,实现卡机脱困的组合式TBM及卡机脱困掘进方法
朱勇,实现卡机脱困的组合式TBM及卡机脱困掘进方法
杨艳霜,实现卡机脱困的组合式TBM及卡机脱困掘进方法
周辉,岩石多功能剪切试验测试装置
陈珺,岩石多功能剪切试验测试装置
卢景景,岩石多功能剪切试验测试装置
张传庆,岩石多功能剪切试验测试装置
胡大伟,岩石多功能剪切试验测试装置
姜玥,岩石多功能剪切试验测试装置
姜玥,可伸缩式围压套筒及岩石力学试验仪器
卢景景,可伸缩式围压套筒及岩石力学试验仪器
周辉,可伸缩式围压套筒及岩石力学试验仪器
陈珺,可伸缩式围压套筒及岩石力学试验仪器
黄磊,可伸缩式围压套筒及岩石力学试验仪器
高阳,可伸缩式围压套筒及岩石力学试验仪器
周辉,岩石空心圆柱扭剪仪
姜玥,岩石空心圆柱扭剪仪
卢景景,岩石空心圆柱扭剪仪
黄磊,岩石空心圆柱扭剪仪
张传庆,岩石空心圆柱扭剪仪
胡大伟,岩石空心圆柱扭剪仪
高阳,岩石空心圆柱扭剪仪
陈珺,岩石空心圆柱扭剪仪
龙丹冰,一种以监测数据驱动的综合管廊运维动态风险评价方法
赵一静,一种以监测数据驱动的综合管廊运维动态风险评价方法
杨成,一种以监测数据驱动的综合管廊运维动态风险评价方法
龙丹冰,基于知识图谱的施工行为安全风险分析与危险点识别的方法
魏君豪,基于知识图谱的施工行为安全风险分析与危险点识别的方法
杨成,基于知识图谱的施工行为安全风险分析与危险点识别的方法
龙丹冰,基于熵算法改进的云模型和故障树古建筑风险分析方法
解丽萍,基于熵算法改进的云模型和故障树古建筑风险分析方法
杨成,基于熵算法改进的云模型和故障树古建筑风险分析方法
方亚鹏,一种延缓鱼油氧化的乳液及其制备方法
王晨茜,一种延缓鱼油氧化的乳液及其制备方法
孙翠霞,一种延缓鱼油氧化的乳液及其制备方法
方亚鹏,玉米醇溶蛋白/阿拉伯胶复合纳米颗粒及其制备方法
宋静如,玉米醇溶蛋白/阿拉伯胶复合纳米颗粒及其制备方法
孙翠霞,玉米醇溶蛋白/阿拉伯胶复合纳米颗粒及其制备方法
张俊威,玉米醇溶蛋白/阿拉伯胶复合纳米颗粒及其制备方法
熊哲强,玉米醇溶蛋白/阿拉伯胶复合纳米颗粒及其制备方法
方亚鹏,一种蛋黄酱类似物及其制备方法
王晨茜,一种蛋黄酱类似物及其制备方法
孙翠霞,一种蛋黄酱类似物及其制备方法
付凌雨,基于个体化临床特征构建的评估类风湿性关节炎脑卒中风险的预测模型
辛芳冉,基于个体化临床特征构建的评估类风湿性关节炎脑卒中风险的预测模型
付凌雨,SAA4蛋白作为类风湿关节炎诊断标志物的应用、诊断或辅助诊断试剂盒中的应用
李佳慧,SAA4蛋白作为类风湿关节炎诊断标志物的应用、诊断或辅助诊断试剂盒中的应用
崔文韬,一种在类球体区域约束下进行气管壁缺口封堵的肺气道树分割方法
韩贺,一种在类球体区域约束下进行气管壁缺口封堵的肺气道树分割方法
薛鹏,一种在类球体区域约束下进行气管壁缺口封堵的肺气道树分割方法
纪慧中,一种在类球体区域约束下进行气管壁缺口封堵的肺气道树分割方法
熊文硕,一种在类球体区域约束下进行气管壁缺口封堵的肺气道树分割方法
董恩清,一种在类球体区域约束下进行气管壁缺口封堵的肺气道树分割方法
张德敬,一种在类球体区域约束下进行气管壁缺口封堵的肺气道树分割方法
孙祺,一种在类球体区域约束下进行气管壁缺口封堵的肺气道树分割方法
高翔,一种在类球体区域约束下进行气管壁缺口封堵的肺气道树分割方法
常树旺,一种在类球体区域约束下进行气管壁缺口封堵的肺气道树分割方法
董恩清,基于卡尔曼滤波和4D CT图像配准的肺部呼吸运动估计方法
薛鹏,基于卡尔曼滤波和4D CT图像配准的肺部呼吸运动估计方法
曹海,基于卡尔曼滤波和4D CT图像配准的肺部呼吸运动估计方法
傅宇,基于卡尔曼滤波和4D CT图像配准的肺部呼吸运动估计方法
纪慧中,基于卡尔曼滤波和4D CT图像配准的肺部呼吸运动估计方法
崔文韬,基于卡尔曼滤波和4D CT图像配准的肺部呼吸运动估计方法
董恩清,基于三维深度学习网络预测肺结节良恶性的多病理类型的分类方法
金叶,基于三维深度学习网络预测肺结节良恶性的多病理类型的分类方法
纪慧中,基于三维深度学习网络预测肺结节良恶性的多病理类型的分类方法
倪天骄,基于三维深度学习网络预测肺结节良恶性的多病理类型的分类方法
薛鹏,基于三维深度学习网络预测肺结节良恶性的多病理类型的分类方法
傅宇,基于三维深度学习网络预测肺结节良恶性的多病理类型的分类方法
曹海,基于三维深度学习网络预测肺结节良恶性的多病理类型的分类方法
崔文韬,基于三维深度学习网络预测肺结节良恶性的多病理类型的分类方法
董恩清,基于张量稀疏表示的拓扑结构维持的图像配准方法
亓玉佩,基于张量稀疏表示的拓扑结构维持的图像配准方法
李宇森,基于张量稀疏表示的拓扑结构维持的图像配准方法
薛鹏,基于张量稀疏表示的拓扑结构维持的图像配准方法
纪慧中,基于张量稀疏表示的拓扑结构维持的图像配准方法
熊文硕,基于张量稀疏表示的拓扑结构维持的图像配准方法
董恩清,基于人工智能融合多模态信息构建肺结节良恶性的多种病理类型的诊断模型
金叶,基于人工智能融合多模态信息构建肺结节良恶性的多种病理类型的诊断模型
纪慧中,基于人工智能融合多模态信息构建肺结节良恶性的多种病理类型的诊断模型
倪天骄,基于人工智能融合多模态信息构建肺结节良恶性的多种病理类型的诊断模型
薛鹏,基于人工智能融合多模态信息构建肺结节良恶性的多种病理类型的诊断模型
傅宇,基于人工智能融合多模态信息构建肺结节良恶性的多种病理类型的诊断模型
曹海,基于人工智能融合多模态信息构建肺结节良恶性的多种病理类型的诊断模型
崔文韬,基于人工智能融合多模态信息构建肺结节良恶性的多种病理类型的诊断模型
董恩清,一种非刚性医学图像配准方法
李宇森,一种非刚性医学图像配准方法
亓玉佩,一种非刚性医学图像配准方法
薛鹏,一种非刚性医学图像配准方法
纪慧中,一种非刚性医学图像配准方法
熊文硕,一种非刚性医学图像配准方法
董恩清,一种基于窄带约束的几何活动轮廓模型局部分割方法
刘肖,一种基于窄带约束的几何活动轮廓模型局部分割方法
孙文燕,一种基于窄带约束的几何活动轮廓模型局部分割方法
薛鹏,一种基于窄带约束的几何活动轮廓模型局部分割方法
纪慧中,一种基于窄带约束的几何活动轮廓模型局部分割方法
熊文硕,一种基于窄带约束的几何活动轮廓模型局部分割方法
董恩清,一种基于三维深度学习网络的肺结节良恶性预测方法
熊文硕,一种基于三维深度学习网络的肺结节良恶性预测方法
纪惠中,一种基于三维深度学习网络的肺结节良恶性预测方法
金叶,一种基于三维深度学习网络的肺结节良恶性预测方法
倪天骄,一种基于三维深度学习网络的肺结节良恶性预测方法
薛鹏,一种基于三维深度学习网络的肺结节良恶性预测方法
韩贺,一种基于三维深度学习网络的肺结节良恶性预测方法
杨艳霜,一种基于套孔应力解除法测量地应力时的激光定位装置
骆顺天,一种基于套孔应力解除法测量地应力时的激光定位装置
肖衡林,一种基于套孔应力解除法测量地应力时的激光定位装置
胡其志,一种基于套孔应力解除法测量地应力时的激光定位装置
马强,一种基于套孔应力解除法测量地应力时的激光定位装置
李金兰,一种基于套孔应力解除法测量地应力时的激光定位装置
张帆,一种基于套孔应力解除法测量地应力时的激光定位装置
周辉,实现岩爆预处理的组合式TBM及岩爆预处理掘进方法
龚春艳,实现岩爆预处理的组合式TBM及岩爆预处理掘进方法
卢景景,实现岩爆预处理的组合式TBM及岩爆预处理掘进方法
张传庆,实现岩爆预处理的组合式TBM及岩爆预处理掘进方法
高阳,实现岩爆预处理的组合式TBM及岩爆预处理掘进方法
杨凡杰,实现岩爆预处理的组合式TBM及岩爆预处理掘进方法
朱勇,实现岩爆预处理的组合式TBM及岩爆预处理掘进方法
杨艳霜,实现岩爆预处理的组合式TBM及岩爆预处理掘进方法
宋尔卫,乳腺癌新辅助化疗后病理完全缓解概率预测方法及系统
龚畅,乳腺癌新辅助化疗后病理完全缓解概率预测方法及系统
沈君,乳腺癌新辅助化疗后病理完全缓解概率预测方法及系统
杨雅平,乳腺癌新辅助化疗后病理完全缓解概率预测方法及系统
程子亮,乳腺癌新辅助化疗后病理完全缓解概率预测方法及系统
林婉仪,乳腺癌新辅助化疗后病理完全缓解概率预测方法及系统
龚畅,一种预测致密型乳腺的乳腺病灶恶性风险模型及其构建方法
杨雅平,一种预测致密型乳腺的乳腺病灶恶性风险模型及其构建方法
胡越,一种预测致密型乳腺的乳腺病灶恶性风险模型及其构建方法
林婉仪,一种预测致密型乳腺的乳腺病灶恶性风险模型及其构建方法
龚畅,一种环状RNA全长序列的检测方法
刘子豪,一种环状RNA全长序列的检测方法
梁格豪,一种环状RNA全长序列的检测方法
龚畅,评估Paget’s 病伴浸润性导管癌患者预后的模型及其应用
谭璐媛,评估Paget’s 病伴浸润性导管癌患者预后的模型及其应用
龚畅,乳腺癌循环肿瘤细胞miRNA和EMT标记物联合检测试剂盒及其应用
宋尔卫,乳腺癌循环肿瘤细胞miRNA和EMT标记物联合检测试剂盒及其应用
谭维格,乳腺癌循环肿瘤细胞miRNA和EMT标记物联合检测试剂盒及其应用
梁格豪,乳腺癌循环肿瘤细胞miRNA和EMT标记物联合检测试剂盒及其应用
谢新华,乳腺癌循环肿瘤细胞miRNA和EMT标记物联合检测试剂盒及其应用
龚畅,一种预测ER+乳腺癌新辅助化疗效果的试剂盒和系统
宋尔卫,一种预测ER+乳腺癌新辅助化疗效果的试剂盒和系统
谭维格,一种预测ER+乳腺癌新辅助化疗效果的试剂盒和系统
周佩剑,高抗汽蚀的自吸离心泵
吴振兴,高抗汽蚀的自吸离心泵
牟介刚,高抗汽蚀的自吸离心泵
简捷,高抗汽蚀的自吸离心泵
郑水华,高抗汽蚀的自吸离心泵
谷云庆,高抗汽蚀的自吸离心泵
吴登昊,高抗汽蚀的自吸离心泵
周佩剑,一种抑制离心泵叶轮入口回流涡的机构
刘涛,一种抑制离心泵叶轮入口回流涡的机构
牟介刚,一种抑制离心泵叶轮入口回流涡的机构
周佩剑,一种离心泵半开式叶轮
刘诺佳,一种离心泵半开式叶轮
牟介刚,一种离心泵半开式叶轮
周佩剑,一种平面抛光方法
颜朝寿,一种平面抛光方法
蒋豪杰,一种平面抛光方法
牟介刚,一种平面抛光方法
吴瑛,基于多元信息融合的健康生活方式指导系统及方法
陈玉玲,基于多元信息融合的健康生活方式指导系统及方法
邓颖,基于多元信息融合的健康生活方式指导系统及方法
吴芳琴,基于多元信息融合的健康生活方式指导系统及方法
岳鹏,基于多元信息融合的健康生活方式指导系统及方法
刘溢思,基于多元信息融合的健康生活方式指导系统及方法
张艳,基于多元信息融合的健康生活方式指导系统及方法
吴瑛,用于患者服药远程监控的服药提醒系统及方法
陈玉玲,用于患者服药远程监控的服药提醒系统及方法
邓颖,用于患者服药远程监控的服药提醒系统及方法
吴芳琴,用于患者服药远程监控的服药提醒系统及方法
岳鹏,用于患者服药远程监控的服药提醒系统及方法
刘溢思,用于患者服药远程监控的服药提醒系统及方法
张艳,用于患者服药远程监控的服药提醒系统及方法
吴瑛,用于提供冠心病延续性护理的远程医疗系统及方法
陈玉玲,用于提供冠心病延续性护理的远程医疗系统及方法
邓颖,用于提供冠心病延续性护理的远程医疗系统及方法
吴芳琴,用于提供冠心病延续性护理的远程医疗系统及方法
岳鹏,用于提供冠心病延续性护理的远程医疗系统及方法
刘溢思,用于提供冠心病延续性护理的远程医疗系统及方法
张艳,用于提供冠心病延续性护理的远程医疗系统及方法
吴瑛,用于健康行为干预的云端管理数据库建立方法及系统
陈玉玲,用于健康行为干预的云端管理数据库建立方法及系统
邓颖,用于健康行为干预的云端管理数据库建立方法及系统
吴芳琴,用于健康行为干预的云端管理数据库建立方法及系统
吴瑛,基于移动智能终端的辅助戒烟智能规划系统及方法
陈玉玲,基于移动智能终端的辅助戒烟智能规划系统及方法
邓颖,基于移动智能终端的辅助戒烟智能规划系统及方法
吴芳琴,基于移动智能终端的辅助戒烟智能规划系统及方法
岳鹏,基于移动智能终端的辅助戒烟智能规划系统及方法
刘溢思,基于移动智能终端的辅助戒烟智能规划系统及方法
张艳,基于移动智能终端的辅助戒烟智能规划系统及方法
张宏,基于Abaqus平台疲劳损伤与寿命评估方法
王清远,基于Abaqus平台疲劳损伤与寿命评估方法
刘永杰,基于Abaqus平台疲劳损伤与寿命评估方法
王宠,基于Abaqus平台疲劳损伤与寿命评估方法
李浪,基于Abaqus平台疲劳损伤与寿命评估方法
何超,基于固有频率的超声疲劳裂纹扩展速率测量方法
王清远,基于固有频率的超声疲劳裂纹扩展速率测量方法
刘永杰,基于固有频率的超声疲劳裂纹扩展速率测量方法
李雪,基于固有频率的超声疲劳裂纹扩展速率测量方法
李浪,基于固有频率的超声疲劳裂纹扩展速率测量方法
张宏,基于固有频率的超声疲劳裂纹扩展速率测量方法
王宠,基于固有频率的超声疲劳裂纹扩展速率测量方法
陈尧,基于热耗散的高效率原位超声疲劳实验系统及其实现方法
刘永杰,基于热耗散的高效率原位超声疲劳实验系统及其实现方法
王清远,基于热耗散的高效率原位超声疲劳实验系统及其实现方法
张宏,面心立方材料疲劳过程晶体塑性本构模型建立方法
王清远,面心立方材料疲劳过程晶体塑性本构模型建立方法
刘永杰,面心立方材料疲劳过程晶体塑性本构模型建立方法
王宠,面心立方材料疲劳过程晶体塑性本构模型建立方法
李浪,面心立方材料疲劳过程晶体塑性本构模型建立方法
李浪,一种非接触式多尺度裂纹识别方法
王清远,一种非接触式多尺度裂纹识别方法
刘永杰,一种非接触式多尺度裂纹识别方法
董江峰,一种非接触式多尺度裂纹识别方法
张宏,基于晶体塑性的疲劳裂纹萌生与扩展的损伤寿命评估方法
张玮,基于晶体塑性的疲劳裂纹萌生与扩展的损伤寿命评估方法
王林森,基于晶体塑性的疲劳裂纹萌生与扩展的损伤寿命评估方法
王清远,基于晶体塑性的疲劳裂纹萌生与扩展的损伤寿命评估方法
刘永杰,基于晶体塑性的疲劳裂纹萌生与扩展的损伤寿命评估方法
李浪,基于晶体塑性的疲劳裂纹萌生与扩展的损伤寿命评估方法
何超,基于晶体塑性的疲劳裂纹萌生与扩展的损伤寿命评估方法
王宠,基于晶体塑性的疲劳裂纹萌生与扩展的损伤寿命评估方法
张宏,一种基于机器学习的材料抗疲劳优化设计方法
王清远,一种基于机器学习的材料抗疲劳优化设计方法
刘永杰,一种基于机器学习的材料抗疲劳优化设计方法
王宠,一种基于机器学习的材料抗疲劳优化设计方法
何超,一种基于机器学习的材料抗疲劳优化设计方法
李浪,一种基于机器学习的材料抗疲劳优化设计方法
何超,一种统一试样尺寸的超声疲劳应力放大装置
王清远,一种统一试样尺寸的超声疲劳应力放大装置
王宠,一种统一试样尺寸的超声疲劳应力放大装置
刘永杰,一种统一试样尺寸的超声疲劳应力放大装置
李雪,一种统一试样尺寸的超声疲劳应力放大装置
李浪,一种统一试样尺寸的超声疲劳应力放大装置
张宏,一种统一试样尺寸的超声疲劳应力放大装置
张宏,基于晶体塑性焊接工艺模型的损伤与疲劳寿命评估方法
王清远,基于晶体塑性焊接工艺模型的损伤与疲劳寿命评估方法
刘永杰,基于晶体塑性焊接工艺模型的损伤与疲劳寿命评估方法
王宠,基于晶体塑性焊接工艺模型的损伤与疲劳寿命评估方法
李浪,基于晶体塑性焊接工艺模型的损伤与疲劳寿命评估方法
林鹏飞,一种基于粒子群算法水库多目标供水能力优化方法
游进军,一种基于粒子群算法水库多目标供水能力优化方法
贾玲,一种基于粒子群算法水库多目标供水能力优化方法
蒋云钟,一种基于粒子群算法水库多目标供水能力优化方法
方国华,一种基于粒子群算法水库多目标供水能力优化方法
汪林,一种基于粒子群算法水库多目标供水能力优化方法
薛志春,一种基于粒子群算法水库多目标供水能力优化方法
付敏,一种基于粒子群算法水库多目标供水能力优化方法
刘鼎,一种基于粒子群算法水库多目标供水能力优化方法
闫腾,一种基于粒子群算法水库多目标供水能力优化方法
姚懿真,一种基于粒子群算法水库多目标供水能力优化方法
薛志春,一种用于检测河道防汛水位的监测预警系统
邸苏闯,一种用于检测河道防汛水位的监测预警系统
潘兴瑶,一种用于检测河道防汛水位的监测预警系统
刘洪禄,一种用于检测河道防汛水位的监测预警系统
李永坤,一种用于检测河道防汛水位的监测预警系统
张书函,一种用于检测河道防汛水位的监测预警系统
王丽晶,一种用于检测河道防汛水位的监测预警系统
张岑,一种用于检测河道防汛水位的监测预警系统
周星,一种用于检测河道防汛水位的监测预警系统
卢亚静,一种用于检测河道防汛水位的监测预警系统
于磊,一种用于检测河道防汛水位的监测预警系统
邱颖,一种用于检测河道防汛水位的监测预警系统
杨思敏,一种用于检测河道防汛水位的监测预警系统
赵曦月,一种用于检测河道防汛水位的监测预警系统
游进军,一种基于二层结构的流域生态调度方法
薛志春,一种基于二层结构的流域生态调度方法
林鹏飞,一种基于二层结构的流域生态调度方法
牛存稳,一种基于二层结构的流域生态调度方法
魏娜,一种基于二层结构的流域生态调度方法
贺华翔,一种基于二层结构的流域生态调度方法
马真臻,一种基于二层结构的流域生态调度方法
杨朝晖,一种基于二层结构的流域生态调度方法
王婷,一种基于二层结构的流域生态调度方法
游进军,一种跨流域调水工程的配置调度方法及装置
贾玲,一种跨流域调水工程的配置调度方法及装置
林鹏飞,一种跨流域调水工程的配置调度方法及装置
薛志春,一种跨流域调水工程的配置调度方法及装置
薛志春,一种用于城市道路的分布式排水装置
邸苏闯,一种用于城市道路的分布式排水装置
潘兴瑶,一种用于城市道路的分布式排水装置
刘洪禄,一种用于城市道路的分布式排水装置
李永坤,一种用于城市道路的分布式排水装置
张书函,一种用于城市道路的分布式排水装置
于磊,一种用于城市道路的分布式排水装置
卢亚静,一种用于城市道路的分布式排水装置
杨思敏,一种用于城市道路的分布式排水装置
赵飞,一种用于城市道路的分布式排水装置
张岑,一种用于城市道路的分布式排水装置
王丽晶,一种用于城市道路的分布式排水装置
周星,一种用于城市道路的分布式排水装置
孙冉,一种用于城市道路的分布式排水装置
薛志春,分布式堤防安全监测系统
邸苏闯,分布式堤防安全监测系统
潘兴瑶,分布式堤防安全监测系统
刘洪禄,分布式堤防安全监测系统
李永坤,分布式堤防安全监测系统
张书函,分布式堤防安全监测系统
孙冉,分布式堤防安全监测系统
邱颖,分布式堤防安全监测系统
张岑,分布式堤防安全监测系统
卢亚静,分布式堤防安全监测系统
王丽晶,分布式堤防安全监测系统
赵飞,分布式堤防安全监测系统
薛志春,一种用于雨水箅子的防溢流装置
邸苏闯,一种用于雨水箅子的防溢流装置
潘兴瑶,一种用于雨水箅子的防溢流装置
刘洪禄,一种用于雨水箅子的防溢流装置
李永坤,一种用于雨水箅子的防溢流装置
张岑,一种用于雨水箅子的防溢流装置
邱颖,一种用于雨水箅子的防溢流装置
于磊,一种用于雨水箅子的防溢流装置
张书函,一种用于雨水箅子的防溢流装置
周星,一种用于雨水箅子的防溢流装置
张冠宇,一种用于雨水箅子的防溢流装置
赵羲月,一种用于雨水箅子的防溢流装置
薛志春,一种用于河道建筑物的鱼嘴型防洪装置
邸苏闯,一种用于河道建筑物的鱼嘴型防洪装置
潘兴瑶,一种用于河道建筑物的鱼嘴型防洪装置
刘洪禄,一种用于河道建筑物的鱼嘴型防洪装置
李永坤,一种用于河道建筑物的鱼嘴型防洪装置
于磊,一种用于河道建筑物的鱼嘴型防洪装置
邱颖,一种用于河道建筑物的鱼嘴型防洪装置
杨思敏,一种用于河道建筑物的鱼嘴型防洪装置
赵飞,一种用于河道建筑物的鱼嘴型防洪装置
王丽晶,一种用于河道建筑物的鱼嘴型防洪装置
卢亚静,一种用于河道建筑物的鱼嘴型防洪装置
周星,一种用于河道建筑物的鱼嘴型防洪装置
张岑,一种用于河道建筑物的鱼嘴型防洪装置
张冠宇,一种用于河道建筑物的鱼嘴型防洪装置
王希晨,双滑道旋流式侧壁消能竖井
张健,双滑道旋流式侧壁消能竖井
俞晓东,双滑道旋流式侧壁消能竖井
陈胜,双滑道旋流式侧壁消能竖井
陈胜,一种确定低扬程加压系统停泵事故泵后阀门关闭规律的方法
张健,一种确定低扬程加压系统停泵事故泵后阀门关闭规律的方法
范呈昱,一种确定低扬程加压系统停泵事故泵后阀门关闭规律的方法
许听雨,一种确定低扬程加压系统停泵事故泵后阀门关闭规律的方法
俞晓东,一种确定低扬程加压系统停泵事故泵后阀门关闭规律的方法
张磊,一种确定低扬程加压系统停泵事故泵后阀门关闭规律的方法
魏佳芳,直流式竖井结构卷吸气量及管内气压的计算方法
张健,直流式竖井结构卷吸气量及管内气压的计算方法
俞晓东,直流式竖井结构卷吸气量及管内气压的计算方法
陈胜,直流式竖井结构卷吸气量及管内气压的计算方法
陈胜,一种确定低扬程输水系统停泵事故泵后阀门关闭规律的方法
张健,一种确定低扬程输水系统停泵事故泵后阀门关闭规律的方法
范呈昱,一种确定低扬程输水系统停泵事故泵后阀门关闭规律的方法
许听雨,一种确定低扬程输水系统停泵事故泵后阀门关闭规律的方法
俞晓东,一种确定低扬程输水系统停泵事故泵后阀门关闭规律的方法
张磊,一种确定低扬程输水系统停泵事故泵后阀门关闭规律的方法
俞晓东,一种改变城市深隧滞留气团排出位置及时间的结构
营佳玮,一种改变城市深隧滞留气团排出位置及时间的结构
张健,一种改变城市深隧滞留气团排出位置及时间的结构
陈胜,一种改变城市深隧滞留气团排出位置及时间的结构
郑雪莲,一种改变城市深隧滞留气团排出位置及时间的结构
范呈昱,一种确定高扬程输水系统停泵事故泵后阀门关闭规律的方法
张健,一种确定高扬程输水系统停泵事故泵后阀门关闭规律的方法
许听雨,一种确定高扬程输水系统停泵事故泵后阀门关闭规律的方法
张磊,一种确定高扬程输水系统停泵事故泵后阀门关闭规律的方法
俞晓东,一种确定高扬程输水系统停泵事故泵后阀门关闭规律的方法
陈胜,一种确定高扬程输水系统停泵事故泵后阀门关闭规律的方法
石林,一种解决高扬程输水系统正压过大的阀门操作方法
张健,一种解决高扬程输水系统正压过大的阀门操作方法
刘芳,一种解决高扬程输水系统正压过大的阀门操作方法
俞晓东,一种解决高扬程输水系统正压过大的阀门操作方法
王兴涛,一种解决高扬程输水系统正压过大的阀门操作方法
赵文龙,一种解决高扬程输水系统正压过大的阀门操作方法
陈胜,一种岩塞爆破水气过渡过程水力特性的计算方法
张健,一种岩塞爆破水气过渡过程水力特性的计算方法
张小莹,一种岩塞爆破水气过渡过程水力特性的计算方法
俞晓东,一种岩塞爆破水气过渡过程水力特性的计算方法
王晶,一种岩塞爆破水气过渡过程水力特性的计算方法
陈雪,一种岩塞爆破水气过渡过程水力特性的计算方法
张健,大进气条件下真空破坏阀的模型计算方法
张小莹,大进气条件下真空破坏阀的模型计算方法
范呈昱,大进气条件下真空破坏阀的模型计算方法
俞晓东,大进气条件下真空破坏阀的模型计算方法
陈胜,大进气条件下真空破坏阀的模型计算方法
陈旭云,大进气条件下真空破坏阀的模型计算方法
倪尉翔,大进气条件下真空破坏阀的模型计算方法
刘芳,消能箱
俞晓东,消能箱
张健,消能箱
陈胜,消能箱
倪尉祥,消能箱
蒋捷,消能箱
俞晓东,一种基于曲柄连杆传力的竖井消能及储能装置
杨秀维,一种基于曲柄连杆传力的竖井消能及储能装置
张健,一种基于曲柄连杆传力的竖井消能及储能装置
陈胜,一种基于曲柄连杆传力的竖井消能及储能装置
汤盼鑫,一种基于曲柄连杆传力的竖井消能及储能装置
魏佳芳,降低吸入气体量的直流式跌水结构
张健,降低吸入气体量的直流式跌水结构
俞晓东,降低吸入气体量的直流式跌水结构
陈胜,降低吸入气体量的直流式跌水结构
营佳玮,用于缓解深隧滞留气团排出的管道与入流竖井衔接结构
俞晓东,用于缓解深隧滞留气团排出的管道与入流竖井衔接结构
张健,用于缓解深隧滞留气团排出的管道与入流竖井衔接结构
陈胜,用于缓解深隧滞留气团排出的管道与入流竖井衔接结构
许听雨,用于缓解深隧滞留气团排出的管道与入流竖井衔接结构
胡晗,分散式挑流消能工冲坑深度的预测方法
李宗坤,一种便捷的堤坝临水侧渗漏定位装置
莫向明,一种便捷的堤坝临水侧渗漏定位装置
施雯珂,一种便捷的堤坝临水侧渗漏定位装置
葛巍,一种便捷的堤坝临水侧渗漏定位装置
张亚东,一种便捷的堤坝临水侧渗漏定位装置
葛巍,一种水利工程水闸结构
李宗坤,一种水利工程水闸结构
张兆省,一种水利工程水闸结构
皇甫泽华,一种水利工程水闸结构
程荣川,一种水利工程水闸结构
左颖,一种基于自更新模型的流程型生产设备产品质量预测方法
柯超凡,一种基于自更新模型的流程型生产设备产品质量预测方法
张萌,一种基于自更新模型的流程型生产设备产品质量预测方法
陶飞,一种基于自更新模型的流程型生产设备产品质量预测方法
陶飞,一种数字孪生驱动的数控机床刀具监控系统
汪轶群,一种数字孪生驱动的数控机床刀具监控系统
王雨澄,一种数字孪生驱动的数控机床刀具监控系统
左颖,一种数字孪生驱动的数控机床刀具监控系统
邹孝付,一种数字孪生驱动的数控机床刀具监控系统
陶飞,一种数字孪生系统复杂任务可配置高效求解方法和系统
邹孝付,一种数字孪生系统复杂任务可配置高效求解方法和系统
左颖,一种数字孪生系统复杂任务可配置高效求解方法和系统
陶飞,一种数字孪生驱动的复杂装备故障预测方法
王雨澄,一种数字孪生驱动的复杂装备故障预测方法
左颖,一种数字孪生驱动的复杂装备故障预测方法
黄巍,一种数字孪生驱动的复杂装备故障预测方法
陶飞,一种数字孪生驱动的热压罐管控系统
王雨澄,一种数字孪生驱动的热压罐管控系统
左颖,一种数字孪生驱动的热压罐管控系统
左颖,基于改进类电磁机制算法的绿色柔性作业车间调度方法
曲明昊,基于改进类电磁机制算法的绿色柔性作业车间调度方法
陶飞,基于改进类电磁机制算法的绿色柔性作业车间调度方法
左颖,一种适于制造过程规划的智能优化算法推荐方法
任天翔,一种适于制造过程规划的智能优化算法推荐方法
王钰淇,一种适于制造过程规划的智能优化算法推荐方法
乔运华,一种适于制造过程规划的智能优化算法推荐方法
孙嘉玉,一种适于制造过程规划的智能优化算法推荐方法
邹孝付,一种适于制造过程规划的智能优化算法推荐方法
陶飞,一种适于制造过程规划的智能优化算法推荐方法
陶飞,一种基于数字孪生的车间调度方法
张萌,一种基于数字孪生的车间调度方法
左颖,一种基于数字孪生的车间调度方法
刘蔚然,一种基于机器视觉的数字孪生模型修正方法与系统
陶飞,一种基于机器视觉的数字孪生模型修正方法与系统
程江峰,一种基于机器视觉的数字孪生模型修正方法与系统
左颖,一种基于机器视觉的数字孪生模型修正方法与系统
田凌,基于图数据库的机械产品数字孪生模型分层建模方法
郑孟蕾,基于图数据库的机械产品数字孪生模型分层建模方法
代菁洲,基于图数据库的机械产品数字孪生模型分层建模方法
刘思超,基于图数据库的机械产品数字孪生模型分层建模方法
田凌,一种基于接触加热的弯曲钞票展平装置
陈俊宇,一种基于接触加热的弯曲钞票展平装置
张承巍,一种基于接触加热的弯曲钞票展平装置
刘果,一种基于接触加热的弯曲钞票展平装置
田凌,一种基于红外加热的弯曲钞票展平装置
刘果,一种基于红外加热的弯曲钞票展平装置
张承巍,一种基于红外加热的弯曲钞票展平装置
陈俊宇,一种基于红外加热的弯曲钞票展平装置
聂如松,一种用于路基监测的沉降板
冷伍明,一种用于路基监测的沉降板
程龙虎,一种用于路基监测的沉降板
董俊利,一种用于路基监测的沉降板
魏广帅,一种用于路基监测的沉降板
杨奇,一种用于路基监测的沉降板
徐方,一种用于路基监测的沉降板
梅慧浩,一种用于路基监测的沉降板
赵春彦,一种用于路基监测的沉降板
杜市委,一种用于路基监测的沉降板
聂如松,一种路基沉降监测装置
董俊利,一种路基沉降监测装置
魏广帅,一种路基沉降监测装置
冷伍明,一种路基沉降监测装置
程龙虎,一种路基沉降监测装置
杨奇,一种路基沉降监测装置
徐方,一种路基沉降监测装置
梅慧浩,一种路基沉降监测装置
赵春彦,一种路基沉降监测装置
杜市委,一种路基沉降监测装置
徐方,一种真空-堆载联合预压下塑料排水板地基的模型试验装置
韩諝,一种真空-堆载联合预压下塑料排水板地基的模型试验装置
冷伍明,一种真空-堆载联合预压下塑料排水板地基的模型试验装置
聂如松,一种真空-堆载联合预压下塑料排水板地基的模型试验装置
杨奇,一种真空-堆载联合预压下塑料排水板地基的模型试验装置
刘路广,虾稻共作灌溉定额计算方法
吴瑕,虾稻共作灌溉定额计算方法
关洪林,虾稻共作灌溉定额计算方法
潘少斌,虾稻共作灌溉定额计算方法
杨小伟,虾稻共作灌溉定额计算方法
董苇,虾稻共作灌溉定额计算方法
张建涛,虾稻共作灌溉定额计算方法
陈绪勋,虾稻共作灌溉定额计算方法
刘路广,水稻作物系数计算方法以及水稻灌溉系统
吴瑕,水稻作物系数计算方法以及水稻灌溉系统
关洪林,水稻作物系数计算方法以及水稻灌溉系统
崔远来,水稻作物系数计算方法以及水稻灌溉系统
潘少斌,水稻作物系数计算方法以及水稻灌溉系统
杨小伟,水稻作物系数计算方法以及水稻灌溉系统
王剑,水稻作物系数计算方法以及水稻灌溉系统
焦平金,水稻作物系数计算方法以及水稻灌溉系统
董苇,水稻作物系数计算方法以及水稻灌溉系统
张建涛,水稻作物系数计算方法以及水稻灌溉系统
陈绪勋,水稻作物系数计算方法以及水稻灌溉系统
宋玲,一种用于缆机吊罐入仓过程中的吊罐防摆装置和方法
鄢璞,一种用于缆机吊罐入仓过程中的吊罐防摆装置和方法
胡超,一种用于缆机吊罐入仓过程中的吊罐防摆装置和方法
邓世恒,一种用于缆机吊罐入仓过程中的吊罐防摆装置和方法
胡超,一种混凝土坝缆机入仓轨迹规划与控制方法
陈廷才,一种混凝土坝缆机入仓轨迹规划与控制方法
周宜红,一种混凝土坝缆机入仓轨迹规划与控制方法
胡超,一种基于多维信息模型的土料场开采规划方法
王忠耀,一种基于多维信息模型的土料场开采规划方法
周宜红,一种基于多维信息模型的土料场开采规划方法
喻葭临,一种基于多维信息模型的土料场开采规划方法
杨泽艳,一种基于多维信息模型的土料场开采规划方法
陈媛媛,一种基于多维信息模型的土料场开采规划方法
贺俊,一种组合定位缆机运行监测系统
周宜红,一种组合定位缆机运行监测系统
赵春菊,一种组合定位缆机运行监测系统
胡超,一种组合定位缆机运行监测系统
胡超,一种复杂形态土料场开挖量计算方法
陈媛媛,一种复杂形态土料场开挖量计算方法
陈廷才,一种复杂形态土料场开挖量计算方法
徐盛,一种复杂形态土料场开挖量计算方法
胡超,一种土石坝填筑料移动补水装置及方法
陈媛媛,一种土石坝填筑料移动补水装置及方法
杨泽艳,一种土石坝填筑料移动补水装置及方法
喻葭临,一种土石坝填筑料移动补水装置及方法
王忠耀,一种土石坝填筑料移动补水装置及方法
胡超,混凝土拱坝缆机运行轨迹线规划方法
陈廷才,混凝土拱坝缆机运行轨迹线规划方法
周宜红,混凝土拱坝缆机运行轨迹线规划方法
鄢璞,一种安全高效的缆机吊罐稳罐装置
宋玲,一种安全高效的缆机吊罐稳罐装置
胡超,一种安全高效的缆机吊罐稳罐装置
潘志国,一种安全高效的缆机吊罐稳罐装置
胡超,一种大体积混凝土浇筑预防冷缝的施工控制方法
陈媛媛,一种大体积混凝土浇筑预防冷缝的施工控制方法
周宜红,一种混凝土高压冲毛机械及施工方法
贺俊,一种混凝土高压冲毛机械及施工方法
胡超,一种混凝土高压冲毛机械及施工方法
赵春菊,一种混凝土高压冲毛机械及施工方法
贺俊,一种组合定位缆机运行监测系统和缆机防碰调控方法
周宜红,一种组合定位缆机运行监测系统和缆机防碰调控方法
赵春菊,一种组合定位缆机运行监测系统和缆机防碰调控方法
胡超,一种组合定位缆机运行监测系统和缆机防碰调控方法
贺俊,一种大风影响下缆机吊罐摆动的风洞试验研究装置
胡超,一种大风影响下缆机吊罐摆动的风洞试验研究装置
赵春菊,一种大风影响下缆机吊罐摆动的风洞试验研究装置
周宜红,一种大风影响下缆机吊罐摆动的风洞试验研究装置
胡超,建筑保温被收铺机
贺俊,建筑保温被收铺机
周宜红,建筑保温被收铺机
王忠耀,建筑保温被收铺机
胡超,边坡开挖数字化施工与质量控制方法
周宜红,边坡开挖数字化施工与质量控制方法
潘志国,边坡开挖数字化施工与质量控制方法
贺俊,一种大风影响下缆机吊罐摆动的风洞试验研究装置及方法
胡超,一种大风影响下缆机吊罐摆动的风洞试验研究装置及方法
赵春菊,一种大风影响下缆机吊罐摆动的风洞试验研究装置及方法
周宜红,一种大风影响下缆机吊罐摆动的风洞试验研究装置及方法
刘晓娜,试管清洗装置
杨改强,试管清洗装置
霍丽娟,试管清洗装置
王婷,试管清洗装置
黎颖,一种C6H12O6水溶液淬火冷却介质及其制备方法
揭晓华,一种C6H12O6水溶液淬火冷却介质及其制备方法
张留艳,一种C6H12O6水溶液淬火冷却介质及其制备方法
麦永津,一种C6H12O6水溶液淬火冷却介质及其制备方法
张艳梅,一种C6H12O6水溶液淬火冷却介质及其制备方法
黎颖,一种钢筋表面纳米化复合涂层及其制备方法与应用
张留艳,一种钢筋表面纳米化复合涂层及其制备方法与应用
揭晓华,一种钢筋表面纳米化复合涂层及其制备方法与应用
麦永津,一种钢筋表面纳米化复合涂层及其制备方法与应用
罗松,一种中碳钢表面微纳米多尺度结构的制备方法
揭晓华,一种中碳钢表面微纳米多尺度结构的制备方法
麦永津,一种中碳钢表面微纳米多尺度结构的制备方法
张留艳,一种中碳钢表面微纳米多尺度结构的制备方法
郑琼彬,一种中碳钢表面微纳米多尺度结构的制备方法
张艳梅,一种中碳钢表面微纳米多尺度结构的制备方法
张留艳,一种耐海水冲刷腐蚀双相不锈钢的制备方法
揭晓华,一种耐海水冲刷腐蚀双相不锈钢的制备方法
郑琼彬,一种耐海水冲刷腐蚀双相不锈钢的制备方法
黄晓晔,一种耐海水冲刷腐蚀双相不锈钢的制备方法
麦永津,一种耐海水冲刷腐蚀双相不锈钢的制备方法
吴桐,一种碳钢表面处理方法
刁铮亮,一种碳钢表面处理方法
蒋俊杰,一种碳钢表面处理方法
黎颖,一种碳钢表面处理方法
张留艳,一种碳钢表面处理方法
杨春霞,一种全贯流式水轮机扭矩测量装置及方法
侯舢舢,一种全贯流式水轮机扭矩测量装置及方法
赵梦晌,一种全贯流式水轮机扭矩测量装置及方法
姚婷婷,一种全贯流式水轮机扭矩测量装置及方法
陈会向,一种全贯流式水轮机扭矩测量装置及方法
杨春霞,一种带有渐密孔的凸型导板水车增能装置
张振,一种带有渐密孔的凸型导板水车增能装置
胡岩,一种带有渐密孔的凸型导板水车增能装置
赵梦晌,一种带有渐密孔的凸型导板水车增能装置
丁艳,一种带有渐密孔的凸型导板水车增能装置
刘惠文,一种带有渐密孔的凸型导板水车增能装置
蒋玲,消声器筒体的旋转翻边装置
徐琬婷,消声器筒体的旋转翻边装置
张超,消声器筒体的旋转翻边装置
余红英,消声器筒体的旋转翻边装置
熊良林,消声器筒体的旋转翻边装置
王子阳,消声器筒体的旋转翻边装置
吴伟越,消声器筒体的旋转翻边装置
肖志玉,消声器筒体的旋转翻边装置
蒋玲,用于汽车消声器的一体式旋转操作装置
张超,用于汽车消声器的一体式旋转操作装置
贾冕茜,用于汽车消声器的一体式旋转操作装置
邓延安,用于汽车消声器的一体式旋转操作装置
熊良林,用于汽车消声器的一体式旋转操作装置
张华峰,用于汽车消声器的一体式旋转操作装置
王俊佳,用于汽车消声器的一体式旋转操作装置
何乐乐,用于汽车消声器的一体式旋转操作装置
曹秀丽,一种混凝土早龄期热膨胀系数多尺度模型的预测方法
叶罡,一种混凝土早龄期热膨胀系数多尺度模型的预测方法
李强,一种混凝土早龄期热膨胀系数多尺度模型的预测方法
李蓓,一种混凝土早龄期热膨胀系数多尺度模型的预测方法
孙平平,一种混凝土早龄期热膨胀系数多尺度模型的预测方法
曹秀丽,一种硬化水泥砂浆热膨胀系数的多尺度预测方法
高健,一种硬化水泥砂浆热膨胀系数的多尺度预测方法
杜文学,一种硬化水泥砂浆热膨胀系数的多尺度预测方法
吴倩,一种硬化水泥砂浆热膨胀系数的多尺度预测方法
赵梦雅,一种硬化水泥砂浆热膨胀系数的多尺度预测方法
张优格,一种硬化水泥砂浆热膨胀系数的多尺度预测方法
胡丽晓,一种硬化水泥砂浆热膨胀系数的多尺度预测方法
黄诗如,一种硬化水泥砂浆热膨胀系数的多尺度预测方法
曹秀丽,一种硬化混凝土热膨胀系数的多尺度预测方法
叶罡,一种硬化混凝土热膨胀系数的多尺度预测方法
高健,一种硬化混凝土热膨胀系数的多尺度预测方法
杜文学,一种硬化混凝土热膨胀系数的多尺度预测方法
陈敏志,一种硬化混凝土热膨胀系数的多尺度预测方法
王斌,一种基于径向基点插值法求解渗流自由面的优化算法
李建国,一种基于径向基点插值法求解渗流自由面的优化算法
周傲,一种基于径向基点插值法求解渗流自由面的优化算法
王斌,一种剑桥自钻式旁压仪钻头钻进速度测量装置
周傲,一种剑桥自钻式旁压仪钻头钻进速度测量装置
李建国,一种剑桥自钻式旁压仪钻头钻进速度测量装置
李艳梅,新型疫苗佐剂及其在新冠肺炎疫苗和其他疫苗中的应用
吴军军,新型疫苗佐剂及其在新冠肺炎疫苗和其他疫苗中的应用
张伯斗,新型疫苗佐剂及其在新冠肺炎疫苗和其他疫苗中的应用
胡洪果,新型疫苗佐剂及其在新冠肺炎疫苗和其他疫苗中的应用
李文浩,新型疫苗佐剂及其在新冠肺炎疫苗和其他疫苗中的应用
赵朗,新型疫苗佐剂及其在新冠肺炎疫苗和其他疫苗中的应用
陈永湘,新型疫苗佐剂及其在新冠肺炎疫苗和其他疫苗中的应用
杜雅楠,一种用于集体宿舍的污水分类过滤再利用装置
杨改强,一种用于集体宿舍的污水分类过滤再利用装置
罗煜清,一种用于集体宿舍的污水分类过滤再利用装置
靳浩堂,一种用于集体宿舍的污水分类过滤再利用装置
霍丽娟,土壤饱和导水率测定装置
杨改强,土壤饱和导水率测定装置
王婷,土壤饱和导水率测定装置
李一菲,土壤饱和导水率测定装置
杨改强,一种新型暗盒修复支架
霍丽娟,一种新型暗盒修复支架
王婷,一种新型暗盒修复支架
刘晓娜,一种新型暗盒修复支架
刘日成,岩体裂隙网络渗透系数方向性测试及可视化系统
蔚立元,岩体裂隙网络渗透系数方向性测试及可视化系统
靖洪文,岩体裂隙网络渗透系数方向性测试及可视化系统
李光雷,岩体裂隙网络渗透系数方向性测试及可视化系统
谢凯,岩体裂隙网络渗透系数方向性测试及可视化系统
刘日成,一种用于三维裂隙岩样的水-力耦合加载装置及加载方法
蔚立元,一种用于三维裂隙岩样的水-力耦合加载装置及加载方法
张晶,一种用于三维裂隙岩样的水-力耦合加载装置及加载方法
张站群,一种用于三维裂隙岩样的水-力耦合加载装置及加载方法
刘日成,一种裂隙网络剪切-两相流试验装置及试验方法
蔚立元,一种裂隙网络剪切-两相流试验装置及试验方法
靖洪文,一种裂隙网络剪切-两相流试验装置及试验方法
尹乾,一种裂隙网络剪切-两相流试验装置及试验方法
韩观胜,一种裂隙网络剪切-两相流试验装置及试验方法
李博,一种裂隙网络剪切-两相流试验装置及试验方法
刘日成,岩体裂隙网络渗流各向异性测试及可视化系统
靖洪文,岩体裂隙网络渗流各向异性测试及可视化系统
张晶,岩体裂隙网络渗流各向异性测试及可视化系统
蔚立元,岩体裂隙网络渗流各向异性测试及可视化系统
苏海健,岩体裂隙网络渗流各向异性测试及可视化系统
刘日成,一种用于裂隙网络剪切渗流试验装置及其试验方法
尹乾,一种用于裂隙网络剪切渗流试验装置及其试验方法
靖洪文,一种用于裂隙网络剪切渗流试验装置及其试验方法
蔚立元,一种用于裂隙网络剪切渗流试验装置及其试验方法
韩观胜,一种用于裂隙网络剪切渗流试验装置及其试验方法
蒋宇静,一种用于裂隙网络剪切渗流试验装置及其试验方法
刘日成,一种含天然三维裂隙类岩石试样的制作方法
靖洪文,一种含天然三维裂隙类岩石试样的制作方法
蔚立元,一种含天然三维裂隙类岩石试样的制作方法
何明,一种含天然三维裂隙类岩石试样的制作方法
蔚立元,一种用于冲击试验的实时化学腐蚀装置及方法
张涛,一种用于冲击试验的实时化学腐蚀装置及方法
孟庆彬,一种用于冲击试验的实时化学腐蚀装置及方法
刘日成,一种用于冲击试验的实时化学腐蚀装置及方法
苏海健,一种用于冲击试验的实时化学腐蚀装置及方法
尹乾,一种用于冲击试验的实时化学腐蚀装置及方法
吴疆宇,一种用于冲击试验的实时化学腐蚀装置及方法
闫峰,一种声波地下管道探测装置
宋凡超,一种声波地下管道探测装置
杨振,一种声波地下管道探测装置
李佳豪,一种声波地下管道探测装置
任大睿,一种声波地下管道探测装置
闫峰,一种小便池新型节水装置
宋凡超,一种小便池新型节水装置
吴诗琪,一种小便池新型节水装置
杨雨欣,一种小便池新型节水装置
王昕,一种小便池新型节水装置
周修龙,一种小便池新型节水装置
王进,一种基于四阶矩估计的工业机器人可靠性计算方法
王伟,一种基于四阶矩估计的工业机器人可靠性计算方法
陆国栋,一种基于四阶矩估计的工业机器人可靠性计算方法
翟安邦,基于双机械臂协作打磨系统的动力学模型设计方法
王进,基于双机械臂协作打磨系统的动力学模型设计方法
陆国栋,基于双机械臂协作打磨系统的动力学模型设计方法
戚仁杰,基于双机械臂协作打磨系统的动力学模型设计方法
张海运,基于双机械臂协作打磨系统的动力学模型设计方法
杨鹏程,基于双机械臂协作打磨系统的动力学模型设计方法
王进,一种液体晃动模型参考自适应抑制运动控制方法
杨鹏程,一种液体晃动模型参考自适应抑制运动控制方法
张海运,一种液体晃动模型参考自适应抑制运动控制方法
翟安邦,一种液体晃动模型参考自适应抑制运动控制方法
戚仁杰,一种液体晃动模型参考自适应抑制运动控制方法
陆国栋,一种液体晃动模型参考自适应抑制运动控制方法
王进,一种基于速度重配的协调机械臂多约束加工优化方法
翟安邦,一种基于速度重配的协调机械臂多约束加工优化方法
张海运,一种基于速度重配的协调机械臂多约束加工优化方法
陆国栋,一种基于速度重配的协调机械臂多约束加工优化方法
杨鹏程,一种基于速度重配的协调机械臂多约束加工优化方法
戚仁杰,一种基于速度重配的协调机械臂多约束加工优化方法
泮求亮,一种基于神经网络的6轴机器人动力学参数辨识方法
林旭军,一种基于神经网络的6轴机器人动力学参数辨识方法
王进,一种基于神经网络的6轴机器人动力学参数辨识方法
陆国栋,一种基于神经网络的6轴机器人动力学参数辨识方法
王进,一种角度可调的多自由度抛光机打磨头机构
翟安邦,一种角度可调的多自由度抛光机打磨头机构
李昊天,一种角度可调的多自由度抛光机打磨头机构
陆国栋,一种角度可调的多自由度抛光机打磨头机构
张海运,不确定混沌系统间接自适应模糊最优同步控制器设计方法
王进,不确定混沌系统间接自适应模糊最优同步控制器设计方法
孟德远,不确定混沌系统间接自适应模糊最优同步控制器设计方法
翟安邦,不确定混沌系统间接自适应模糊最优同步控制器设计方法
杨鹏程,不确定混沌系统间接自适应模糊最优同步控制器设计方法
戚仁杰,不确定混沌系统间接自适应模糊最优同步控制器设计方法
陆国栋,不确定混沌系统间接自适应模糊最优同步控制器设计方法
方健,一种基于关节能耗评估的机器人工作单元布局优化方法
王进,一种基于关节能耗评估的机器人工作单元布局优化方法
泮求亮,一种基于关节能耗评估的机器人工作单元布局优化方法
扶建辉,一种基于关节能耗评估的机器人工作单元布局优化方法
陆国栋,一种基于关节能耗评估的机器人工作单元布局优化方法
何雪军,一种岛中含湖型截面的环切刀轨连接方法
王进,一种岛中含湖型截面的环切刀轨连接方法
陆国栋,一种岛中含湖型截面的环切刀轨连接方法
陈立,一种岛中含湖型截面的环切刀轨连接方法
金晶,一种岛中含湖型截面的环切刀轨连接方法
王进,一种协调机械臂自适应神经网络同步鲁棒控制器设计方法
翟安邦,一种协调机械臂自适应神经网络同步鲁棒控制器设计方法
徐凡,一种协调机械臂自适应神经网络同步鲁棒控制器设计方法
张海运,一种协调机械臂自适应神经网络同步鲁棒控制器设计方法
扶建辉,一种协调机械臂自适应神经网络同步鲁棒控制器设计方法
陆国栋,一种协调机械臂自适应神经网络同步鲁棒控制器设计方法
王进,一种基于空间两点投影的机器人坐标标定方法
王伟,一种基于空间两点投影的机器人坐标标定方法
陆国栋,一种基于空间两点投影的机器人坐标标定方法
吴潮华,一种基于空间两点投影的机器人坐标标定方法
常文娟,一种基于Logistic的抗旱适宜供水量确定方法
梁忠民,一种基于Logistic的抗旱适宜供水量确定方法
胡义明,一种基于Logistic的抗旱适宜供水量确定方法
马海波,一种基于Logistic的抗旱适宜供水量确定方法
朱士江,一种基于Logistic的抗旱适宜供水量确定方法
林青霞,一种基于Logistic的抗旱适宜供水量确定方法
王煜,一种计算自然流域植物截流量的方法
常文娟,一种计算自然流域植物截流量的方法
马海波,一种计算自然流域植物截流量的方法
严登华,一种计算自然流域植物截流量的方法
董鑫,一种计算自然流域植物截流量的方法
房昊天,一种计算自然流域植物截流量的方法
马海波,一种计算自然流域表面坑洼滞蓄量的方法
常文娟,一种计算自然流域表面坑洼滞蓄量的方法
王煜,一种计算自然流域表面坑洼滞蓄量的方法
严登华,一种计算自然流域表面坑洼滞蓄量的方法
董鑫,一种计算自然流域表面坑洼滞蓄量的方法
房昊天,一种计算自然流域表面坑洼滞蓄量的方法
常文娟,一种基于益本比函数的适宜抗旱能力分析方法
马海波,一种基于益本比函数的适宜抗旱能力分析方法
梁忠民,一种基于益本比函数的适宜抗旱能力分析方法
严登华,一种基于益本比函数的适宜抗旱能力分析方法
雷晓辉,一种基于益本比函数的适宜抗旱能力分析方法
王浩,一种基于益本比函数的适宜抗旱能力分析方法
朱士江,一种基于益本比函数的适宜抗旱能力分析方法
孙爱华,一种基于益本比函数的适宜抗旱能力分析方法
郑霞忠,一种基于益本比函数的适宜抗旱能力分析方法
林青霞,一种基于益本比函数的适宜抗旱能力分析方法
董鑫,一种基于益本比函数的适宜抗旱能力分析方法
常文娟,自然流域划分法中确定子流域降雨量时空分布的方法
马海波,自然流域划分法中确定子流域降雨量时空分布的方法
严登华,自然流域划分法中确定子流域降雨量时空分布的方法
肖尚斌,自然流域划分法中确定子流域降雨量时空分布的方法
雷晓辉,自然流域划分法中确定子流域降雨量时空分布的方法
董晓华,自然流域划分法中确定子流域降雨量时空分布的方法
李俊美,自然流域划分法中确定子流域降雨量时空分布的方法
纪道斌,自然流域划分法中确定子流域降雨量时空分布的方法
徐刚,自然流域划分法中确定子流域降雨量时空分布的方法
刘冀,自然流域划分法中确定子流域降雨量时空分布的方法
彭涛,自然流域划分法中确定子流域降雨量时空分布的方法
李英海,自然流域划分法中确定子流域降雨量时空分布的方法
董鑫,自然流域划分法中确定子流域降雨量时空分布的方法
于永森,一种碳纤维管封装的光纤光栅压力传感器
薛兆康,一种碳纤维管封装的光纤光栅压力传感器
国旗,一种碳纤维管封装的光纤光栅压力传感器
孙洪波,一种碳纤维管封装的光纤光栅压力传感器
郑永秋,微纳结构的耐高温法布里-珀罗腔传感结构及系统
田振男,微纳结构的耐高温法布里-珀罗腔传感结构及系统
薛晨阳,微纳结构的耐高温法布里-珀罗腔传感结构及系统
于永森,微纳结构的耐高温法布里-珀罗腔传感结构及系统
孙鹏,微纳结构的耐高温法布里-珀罗腔传感结构及系统
国旗,微纳结构的耐高温法布里-珀罗腔传感结构及系统
陈坤,微纳结构的耐高温法布里-珀罗腔传感结构及系统
陈晨,微纳结构的耐高温法布里-珀罗腔传感结构及系统
武丽云,微纳结构的耐高温法布里-珀罗腔传感结构及系统
陈佳敏,微纳结构的耐高温法布里-珀罗腔传感结构及系统
韩源,微纳结构的耐高温法布里-珀罗腔传感结构及系统
孙洪波,一种螺旋形蓝宝石光纤布拉格光栅、制备方法及其应用
国旗,一种螺旋形蓝宝石光纤布拉格光栅、制备方法及其应用
于永森,一种螺旋形蓝宝石光纤布拉格光栅、制备方法及其应用
孙洪波,一种利用飞秒激光直写技术制备啁啾光纤光栅的方法
潘学鹏,一种利用飞秒激光直写技术制备啁啾光纤光栅的方法
于永森,一种利用飞秒激光直写技术制备啁啾光纤光栅的方法
国旗,一种利用飞秒激光直写技术制备啁啾光纤光栅的方法
于永森,一种S形光纤锥免疫传感器、制备方法及其应用
郭万美,一种S形光纤锥免疫传感器、制备方法及其应用
国旗,一种S形光纤锥免疫传感器、制备方法及其应用
王博,一种S形光纤锥免疫传感器、制备方法及其应用
金光勇,一种S形光纤锥免疫传感器、制备方法及其应用
王剑,确定地下滴灌管上式滴头流量及土壤水正压的测定装置
杨婷,确定地下滴灌管上式滴头流量及土壤水正压的测定装置
魏涛,确定地下滴灌管上式滴头流量及土壤水正压的测定装置
陈瑞,确定地下滴灌管上式滴头流量及土壤水正压的测定装置
张发坤,确定地下滴灌管上式滴头流量及土壤水正压的测定装置
陈传明,基于三维网格划分的隐私保护轨迹数据发布方法
俞庆英,基于三维网格划分的隐私保护轨迹数据发布方法
胡桂银,基于三维网格划分的隐私保护轨迹数据发布方法
陈付龙,基于三维网格划分的隐私保护轨迹数据发布方法
罗永龙,基于三维网格划分的隐私保护轨迹数据发布方法
孙丽萍,网络中重叠社团的挖掘方法
罗永龙,网络中重叠社团的挖掘方法
刘君,网络中重叠社团的挖掘方法
鲍舒婷,网络中重叠社团的挖掘方法
郑孝遥,网络中重叠社团的挖掘方法
陈付龙,网络中重叠社团的挖掘方法
王涛春,一种基于红外传感器的吊扇
胡桂银,一种基于红外传感器的吊扇
接标,一种基于红外传感器的吊扇
左开中,一种基于红外传感器的吊扇
陈付龙,一种基于红外传感器的吊扇
刘盈,一种基于红外传感器的吊扇
罗永龙,一种基于红外传感器的吊扇
郭良敏,基于信任激励和位置隐私保护的k近邻查询方法
朱莹,基于信任激励和位置隐私保护的k近邻查询方法
罗永龙,基于信任激励和位置隐私保护的k近邻查询方法
郑孝遥,基于信任激励和位置隐私保护的k近邻查询方法
孙丽萍,基于信任激励和位置隐私保护的k近邻查询方法
汪小寒,特征化密度峰聚类的出租车热点区域提取方法
罗永龙,特征化密度峰聚类的出租车热点区域提取方法
张泽培,特征化密度峰聚类的出租车热点区域提取方法
何增宇,特征化密度峰聚类的出租车热点区域提取方法
胡王悟,特征化密度峰聚类的出租车热点区域提取方法
鲍舒婷,一种隐私保护的共享近邻密度峰聚类方法
孙丽萍,一种隐私保护的共享近邻密度峰聚类方法
慈尚,一种隐私保护的共享近邻密度峰聚类方法
郑孝遥,一种隐私保护的共享近邻密度峰聚类方法
罗永龙,一种隐私保护的共享近邻密度峰聚类方法
郑孝遥,基于超图结构的社交网络推荐模型构建方法
孙丽萍,基于超图结构的社交网络推荐模型构建方法
陈付龙,基于超图结构的社交网络推荐模型构建方法
陈文,基于超图结构的社交网络推荐模型构建方法
罗永龙,基于超图结构的社交网络推荐模型构建方法
卞维新,一种结合方向扩散的指纹方向场提取方法
徐德琴,一种结合方向扩散的指纹方向场提取方法
接标,一种结合方向扩散的指纹方向场提取方法
丁新涛,一种结合方向扩散的指纹方向场提取方法
陈付龙,一种结合方向扩散的指纹方向场提取方法
罗永龙,一种结合方向扩散的指纹方向场提取方法
俞庆英,一种隐私保护空间离群点检测方法
罗永龙,一种隐私保护空间离群点检测方法
陈传明,一种隐私保护空间离群点检测方法
陈付龙,一种隐私保护空间离群点检测方法
卞维新,一种隐私保护空间离群点检测方法
孙丽萍,一种隐私保护空间离群点检测方法
郑孝遥,一种隐私保护空间离群点检测方法
汪小寒,Geohash压缩的地图匹配方法
范婷婷,Geohash压缩的地图匹配方法
罗永龙,Geohash压缩的地图匹配方法
何增宇,Geohash压缩的地图匹配方法
胡王悟,Geohash压缩的地图匹配方法
曹妍,Geohash压缩的地图匹配方法
鲁婷婷,Geohash压缩的地图匹配方法
郭良敏,基于情感与信任的协同过滤推荐方法
梁家坤,基于情感与信任的协同过滤推荐方法
董燕,基于情感与信任的协同过滤推荐方法
孙丽萍,基于情感与信任的协同过滤推荐方法
朱莹,基于情感与信任的协同过滤推荐方法
罗永龙,基于情感与信任的协同过滤推荐方法
郑孝遥,基于情感与信任的协同过滤推荐方法
接标,一种面向脑网络的结构化特征选择方法
王咪,一种面向脑网络的结构化特征选择方法
卞维新,一种面向脑网络的结构化特征选择方法
丁新涛,一种面向脑网络的结构化特征选择方法
左开中,一种面向脑网络的结构化特征选择方法
方群,一种面向脑网络的结构化特征选择方法
罗永龙,一种面向脑网络的结构化特征选择方法
郑孝遥,基于群智感知的多目标多约束路线推荐方法
朱德义,基于群智感知的多目标多约束路线推荐方法
韩宝婷,基于群智感知的多目标多约束路线推荐方法
孙丽萍,基于群智感知的多目标多约束路线推荐方法
郭良敏,基于群智感知的多目标多约束路线推荐方法
罗永龙,基于群智感知的多目标多约束路线推荐方法
汪小寒,基于插值点的匿名隐私保护方法
张泽培,基于插值点的匿名隐私保护方法
何增宇,基于插值点的匿名隐私保护方法
王涛春,基于插值点的匿名隐私保护方法
孙丽萍,基于插值点的匿名隐私保护方法
郑孝遥,基于插值点的匿名隐私保护方法
罗永龙,基于插值点的匿名隐私保护方法
左开中,连续查询语义位置隐私保护方法及系统、连续查询系统
王永录,连续查询语义位置隐私保护方法及系统、连续查询系统
刘蕊,连续查询语义位置隐私保护方法及系统、连续查询系统
丁新涛,连续查询语义位置隐私保护方法及系统、连续查询系统
罗永龙,连续查询语义位置隐私保护方法及系统、连续查询系统
王涛春,一种群智感知中基于k-匿名的位置及数据隐私保护方法
刘盈,一种群智感知中基于k-匿名的位置及数据隐私保护方法
金鑫,一种群智感知中基于k-匿名的位置及数据隐私保护方法
陈付龙,一种群智感知中基于k-匿名的位置及数据隐私保护方法
赵传信,一种群智感知中基于k-匿名的位置及数据隐私保护方法
罗永龙,一种群智感知中基于k-匿名的位置及数据隐私保护方法
罗永龙,一种基于Geohash的网格化位置隐私保护方法及装置
邢凯,一种基于Geohash的网格化位置隐私保护方法及装置
宁雪莉,一种基于Geohash的网格化位置隐私保护方法及装置
邓劲松,一种基于Geohash的网格化位置隐私保护方法及装置
郑孝遥,一种基于Geohash的网格化位置隐私保护方法及装置
孙丽萍,一种基于Geohash的网格化位置隐私保护方法及装置
左开中,一种路网环境下基于隐私偏好的语义位置隐私保护方法
王永录,一种路网环境下基于隐私偏好的语义位置隐私保护方法
刘蕊,一种路网环境下基于隐私偏好的语义位置隐私保护方法
罗永龙,一种路网环境下基于隐私偏好的语义位置隐私保护方法
俞庆英,基于公共分片子序列的轨迹离群点检测方法
罗永龙,基于公共分片子序列的轨迹离群点检测方法
陈传明,基于公共分片子序列的轨迹离群点检测方法
陈付龙,基于公共分片子序列的轨迹离群点检测方法
汪小寒,基于公共分片子序列的轨迹离群点检测方法
胡桂银,基于公共分片子序列的轨迹离群点检测方法
接标,面向功能性脑网络的多阈值下基于多任务的特征选择方法
王正东,面向功能性脑网络的多阈值下基于多任务的特征选择方法
王咪,面向功能性脑网络的多阈值下基于多任务的特征选择方法
卞维新,面向功能性脑网络的多阈值下基于多任务的特征选择方法
丁新涛,面向功能性脑网络的多阈值下基于多任务的特征选择方法
左开中,面向功能性脑网络的多阈值下基于多任务的特征选择方法
陈付龙,面向功能性脑网络的多阈值下基于多任务的特征选择方法
罗永龙,面向功能性脑网络的多阈值下基于多任务的特征选择方法
胡桂银,基于U盾的Web数据存储和数据传输方法
俞庆英,基于U盾的Web数据存储和数据传输方法
郭良敏,基于U盾的Web数据存储和数据传输方法
郑孝遥,基于U盾的Web数据存储和数据传输方法
罗永龙,基于U盾的Web数据存储和数据传输方法
陈付龙,基于U盾的Web数据存储和数据传输方法
郑孝遥,一种基于用户情感和时间动态的旅游目的地推荐方法
徐致云,一种基于用户情感和时间动态的旅游目的地推荐方法
胡朝焱,一种基于用户情感和时间动态的旅游目的地推荐方法
汪祥舜,一种基于用户情感和时间动态的旅游目的地推荐方法
孙丽萍,一种基于用户情感和时间动态的旅游目的地推荐方法
胡桂银,一种基于用户情感和时间动态的旅游目的地推荐方法
罗永龙,一种基于用户情感和时间动态的旅游目的地推荐方法
王涛春,一种隐私保护的两层传感器网络范围查询系统及方法
罗永龙,一种隐私保护的两层传感器网络范围查询系统及方法
郭良敏,一种隐私保护的两层传感器网络范围查询系统及方法
左开中,一种隐私保护的两层传感器网络范围查询系统及方法
陈付龙,一种隐私保护的两层传感器网络范围查询系统及方法
卞维新,基于分类耦合字典稀疏表示的指纹图像超分辨率方法
徐德琴,基于分类耦合字典稀疏表示的指纹图像超分辨率方法
接标,基于分类耦合字典稀疏表示的指纹图像超分辨率方法
丁玉祥,基于分类耦合字典稀疏表示的指纹图像超分辨率方法
方群,基于分类耦合字典稀疏表示的指纹图像超分辨率方法
罗永龙,基于分类耦合字典稀疏表示的指纹图像超分辨率方法
陈付龙,基于网络层的安全传输方法
孙回,基于网络层的安全传输方法
罗永龙,基于网络层的安全传输方法
黄琤,基于网络层的安全传输方法
程徐,基于网络层的安全传输方法
孙丽萍,基于网络层的安全传输方法
郑孝遥,基于网络层的安全传输方法
张吉,基于网络层的安全传输方法
胡桂银,基于网络层的安全传输方法
郑孝遥,基于位置服务的分布式差分隐私推荐方法
汪祥舜,基于位置服务的分布式差分隐私推荐方法
朱德义,基于位置服务的分布式差分隐私推荐方法
孙丽萍,基于位置服务的分布式差分隐私推荐方法
俞庆英,基于位置服务的分布式差分隐私推荐方法
汪小寒,基于位置服务的分布式差分隐私推荐方法
罗永龙,基于位置服务的分布式差分隐私推荐方法
郑孝遥,基于群智感知的旅游路线个性化推荐方法
尤浩,基于群智感知的旅游路线个性化推荐方法
徐致云,基于群智感知的旅游路线个性化推荐方法
罗永龙,基于群智感知的旅游路线个性化推荐方法
汪祥舜,基于群智感知的旅游路线个性化推荐方法
胡朝焱,基于群智感知的旅游路线个性化推荐方法
孙丽萍,基于群智感知的旅游路线个性化推荐方法
胡桂银,基于群智感知的旅游路线个性化推荐方法
郭良敏,基于群智感知的旅游路线个性化推荐方法
丁新涛,一种基于格点排列的十字绣模板识别方法
胡桂银,一种基于格点排列的十字绣模板识别方法
罗永龙,一种基于格点排列的十字绣模板识别方法
郭良敏,一种基于格点排列的十字绣模板识别方法
接标,一种基于格点排列的十字绣模板识别方法
郑孝遥,一种基于格点排列的十字绣模板识别方法
徐平安,基于匿名的网络最短路径隐私保护方法
孙丽萍,基于匿名的网络最短路径隐私保护方法
刘孝庆,基于匿名的网络最短路径隐私保护方法
腾莉,基于匿名的网络最短路径隐私保护方法
罗永龙,基于匿名的网络最短路径隐私保护方法
郑孝遥,基于移动通信的信任推荐模型的构建方法及其构建系统
鲍煜,基于移动通信的信任推荐模型的构建方法及其构建系统
罗永龙,基于移动通信的信任推荐模型的构建方法及其构建系统
丁新涛,基于移动通信的信任推荐模型的构建方法及其构建系统
孙丽萍,基于移动通信的信任推荐模型的构建方法及其构建系统
胡桂银,基于移动通信的信任推荐模型的构建方法及其构建系统
俞庆英,基于移动通信的信任推荐模型的构建方法及其构建系统
孙丽萍,一种基于局部密度和聚类中心优化的密度峰聚类方法
鲍舒婷,一种基于局部密度和聚类中心优化的密度峰聚类方法
慈尚,一种基于局部密度和聚类中心优化的密度峰聚类方法
郑孝遥,一种基于局部密度和聚类中心优化的密度峰聚类方法
罗永龙,一种基于局部密度和聚类中心优化的密度峰聚类方法
慈尚,一种基于同态加密的隐私保护密度峰聚类方法
孙丽萍,一种基于同态加密的隐私保护密度峰聚类方法
鲍舒婷,一种基于同态加密的隐私保护密度峰聚类方法
俞庆英,一种基于同态加密的隐私保护密度峰聚类方法
罗永龙,一种基于同态加密的隐私保护密度峰聚类方法
章海燕,基于轨迹大数据的轨迹异常检测方法
罗永龙,基于轨迹大数据的轨迹异常检测方法
俞庆英,基于轨迹大数据的轨迹异常检测方法
孙振强,基于轨迹大数据的轨迹异常检测方法
李雪静,基于轨迹大数据的轨迹异常检测方法
陈付龙,基于接头暗号匿名的物联网身份认证方法
张紫阳,基于接头暗号匿名的物联网身份认证方法
罗永龙,基于接头暗号匿名的物联网身份认证方法
张程,基于接头暗号匿名的物联网身份认证方法
刘超,基于接头暗号匿名的物联网身份认证方法
孙丽萍,基于接头暗号匿名的物联网身份认证方法
郑孝遥,基于接头暗号匿名的物联网身份认证方法
俞庆英,基于接头暗号匿名的物联网身份认证方法
王涛春,基于接头暗号匿名的物联网身份认证方法
王涛春,传感器网络中面向隐私保护的连续数据聚集方法
胡桂银,传感器网络中面向隐私保护的连续数据聚集方法
接标,传感器网络中面向隐私保护的连续数据聚集方法
左开中,传感器网络中面向隐私保护的连续数据聚集方法
陈付龙,传感器网络中面向隐私保护的连续数据聚集方法
刘盈,传感器网络中面向隐私保护的连续数据聚集方法
罗永龙,传感器网络中面向隐私保护的连续数据聚集方法
盛佳佳,一种基于半监督学习图像聚类的数据处理方法和系统
孙丽萍,一种基于半监督学习图像聚类的数据处理方法和系统
杜亭莉,一种基于半监督学习图像聚类的数据处理方法和系统
郑孝遥,一种基于半监督学习图像聚类的数据处理方法和系统
陈付龙,一种基于半监督学习图像聚类的数据处理方法和系统
罗永龙,一种基于半监督学习图像聚类的数据处理方法和系统
王涛春,一种群智感知中基于椭圆曲线的聚合数据隐私保护方法
金鑫,一种群智感知中基于椭圆曲线的聚合数据隐私保护方法
吕成梅,一种群智感知中基于椭圆曲线的聚合数据隐私保护方法
陈付龙,一种群智感知中基于椭圆曲线的聚合数据隐私保护方法
赵传信,一种群智感知中基于椭圆曲线的聚合数据隐私保护方法
罗永龙,一种群智感知中基于椭圆曲线的聚合数据隐私保护方法
王涛春,一种群智感知中基于切片的轨迹隐私保护方法
刘盈,一种群智感知中基于切片的轨迹隐私保护方法
金鑫,一种群智感知中基于切片的轨迹隐私保护方法
赵传信,一种群智感知中基于切片的轨迹隐私保护方法
吕成梅,一种群智感知中基于切片的轨迹隐私保护方法
陈付龙,一种群智感知中基于切片的轨迹隐私保护方法
罗永龙,一种群智感知中基于切片的轨迹隐私保护方法
汪小寒,基于改进四叉树的差分隐私保护方法
张泽培,基于改进四叉树的差分隐私保护方法
韩慧慧,基于改进四叉树的差分隐私保护方法
左开中,基于改进四叉树的差分隐私保护方法
俞庆英,基于改进四叉树的差分隐私保护方法
接标,基于改进四叉树的差分隐私保护方法
罗永龙,基于改进四叉树的差分隐私保护方法
王涛春,传感器网络中安全可验证的连续数据收集方法
刘盈,传感器网络中安全可验证的连续数据收集方法
左开中,传感器网络中安全可验证的连续数据收集方法
胡桂银,传感器网络中安全可验证的连续数据收集方法
接标,传感器网络中安全可验证的连续数据收集方法
陈付龙,传感器网络中安全可验证的连续数据收集方法
罗永龙,传感器网络中安全可验证的连续数据收集方法
罗永龙,基于Flickr地理标签元的旅游历史数据获取方法
陈文,基于Flickr地理标签元的旅游历史数据获取方法
汪逸飞,基于Flickr地理标签元的旅游历史数据获取方法
刘晴晴,基于Flickr地理标签元的旅游历史数据获取方法
俞庆英,基于Flickr地理标签元的旅游历史数据获取方法
陈付龙,社区医疗物联网隐私保护方法
叶和平,社区医疗物联网隐私保护方法
杨洁,社区医疗物联网隐私保护方法
朱君茹,社区医疗物联网隐私保护方法
齐学梅,社区医疗物联网隐私保护方法
罗永龙,社区医疗物联网隐私保护方法
赵传信,社区医疗物联网隐私保护方法
郑孝遥,社区医疗物联网隐私保护方法
孙丽萍,社区医疗物联网隐私保护方法
王涛春,基于安全求和的移动群智感知隐私保护真值发现方法
吕成梅,基于安全求和的移动群智感知隐私保护真值发现方法
王成田,基于安全求和的移动群智感知隐私保护真值发现方法
陈付龙,基于安全求和的移动群智感知隐私保护真值发现方法
赵传信,基于安全求和的移动群智感知隐私保护真值发现方法
罗永龙,基于安全求和的移动群智感知隐私保护真值发现方法
汪小寒,一种基于改进KD树数据结构的隐私保护方法
罗永龙,一种基于改进KD树数据结构的隐私保护方法
张泽培,一种基于改进KD树数据结构的隐私保护方法
韩慧慧,一种基于改进KD树数据结构的隐私保护方法
夏芸,一种基于改进KD树数据结构的隐私保护方法
左开中,一种基于改进KD树数据结构的隐私保护方法
孙丽萍,一种基于数据安全的混合聚类方法
陶涛,一种基于数据安全的混合聚类方法
郭良敏,一种基于数据安全的混合聚类方法
陈付龙,一种基于数据安全的混合聚类方法
罗永龙,一种基于数据安全的混合聚类方法
陈付龙,一种基于串行通信接口的FPGA在线验证结构和方法
孙云翔,一种基于串行通信接口的FPGA在线验证结构和方法
杨洁,一种基于串行通信接口的FPGA在线验证结构和方法
叶和平,一种基于串行通信接口的FPGA在线验证结构和方法
罗永龙,一种基于串行通信接口的FPGA在线验证结构和方法
齐学梅,一种基于串行通信接口的FPGA在线验证结构和方法
王宏涛,一种基于串行通信接口的FPGA在线验证结构和方法
朱君茹,一种基于串行通信接口的FPGA在线验证结构和方法
汪小寒,一种出租车热点区域的提取方法
罗永龙,一种出租车热点区域的提取方法
张泽培,一种出租车热点区域的提取方法
何增宇,一种出租车热点区域的提取方法
胡王悟,一种出租车热点区域的提取方法
郑孝遥,一种基于差分隐私保护的谱聚类方法
汪祥舜,一种基于差分隐私保护的谱聚类方法
罗永龙,一种基于差分隐私保护的谱聚类方法
郭良敏,一种基于差分隐私保护的谱聚类方法
胡桂银,一种基于差分隐私保护的谱聚类方法
郑孝遥,一种基于数据流的敏感数据挖掘保护方法
胡朝焱,一种基于数据流的敏感数据挖掘保护方法
罗永龙,一种基于数据流的敏感数据挖掘保护方法
陈文,一种基于数据流的敏感数据挖掘保护方法
孙丽萍,一种基于数据流的敏感数据挖掘保护方法
陈付龙,一种基于数据流的敏感数据挖掘保护方法
接标,一种基于权值分布的阈值化方法
王正东,一种基于权值分布的阈值化方法
卞维新,一种基于权值分布的阈值化方法
丁新涛,一种基于权值分布的阈值化方法
周文,一种基于权值分布的阈值化方法
左开中,一种基于权值分布的阈值化方法
陈付龙,一种基于权值分布的阈值化方法
罗永龙,一种基于权值分布的阈值化方法
接标,一种基于Laplacian算子的特征选择方法
左开中,一种基于Laplacian算子的特征选择方法
王涛春,一种基于Laplacian算子的特征选择方法
丁新涛,一种基于Laplacian算子的特征选择方法
胡桂银,一种基于Laplacian算子的特征选择方法
罗永龙,一种基于Laplacian算子的特征选择方法
