,项目名称,负责人,依托单位,成果标题,成果类型,成果作者
1,基于高阶SNP互作挖掘与分析的复杂疾病全基因组关联研究,赵宇海,东北大学,外包空间数据库的完整性保证机制,期刊论文,"['洪军', '温涛', '叶正旺', '康珺']"
3,基于高阶SNP互作挖掘与分析的复杂疾病全基因组关联研究,赵宇海,东北大学,基于多开发者社区的用户推荐算法,期刊论文,"['时宇岑', '印莹', '赵宇海', '张斌', '王国仁']"
5,基于高阶SNP互作挖掘与分析的复杂疾病全基因组关联研究,赵宇海,东北大学,面向多表数据连接投影和连接顺序的优化方法,期刊论文,"['宗枫博', '赵宇海', '王国仁', '季航旭']"
7,基于高阶SNP互作挖掘与分析的复杂疾病全基因组关联研究,赵宇海,东北大学,一种大规模双网络中k-连通Truss子图发现算法,期刊论文,"['李源', '盛飞', '孙晶', '赵宇海', '王国仁']"
11,基于高阶SNP互作挖掘与分析的复杂疾病全基因组关联研究,赵宇海,东北大学,DE-ELM-SSC+半监督分类算法,期刊论文,"['庞俊', '黄恒', '张寿', '舒智梁', '赵宇海']"
13,基于高阶SNP互作挖掘与分析的复杂疾病全基因组关联研究,赵宇海,东北大学,面向Flink迭代计算的高效容错处理技术,期刊论文,"['郭文鹏', '赵宇海', '王国仁', '韦刘国']"
14,基于高阶SNP互作挖掘与分析的复杂疾病全基因组关联研究,赵宇海,东北大学,基于LSH的时间序列DTW相似性查询,期刊论文,"['李敏', '于长永', '张峰', '马海涛', '赵宇海']"
16,基于高阶SNP互作挖掘与分析的复杂疾病全基因组关联研究,赵宇海,东北大学,Gaia系统中的面向图迭代作业的运行时间预测系统及方法,专利,"['岳晓飞', '王国仁', '赵宇海', '郑军', '李博扬']"
17,基于高阶SNP互作挖掘与分析的复杂疾病全基因组关联研究,赵宇海,东北大学,一种面向大规模序列数据的交互特征并行挖掘算法,期刊论文,"['赵宇海', '印莹', '李源', '汪嗣尧', '王国仁']"
21,基于高阶SNP互作挖掘与分析的复杂疾病全基因组关联研究,赵宇海,东北大学,一种Gaia系统中基于数据特征的动态优先级迭代器,专利,"['岳晓飞', '赵宇海', '王国仁', '季航旭', '李博扬']"
22,基于高阶SNP互作挖掘与分析的复杂疾病全基因组关联研究,赵宇海,东北大学,面向时序图数据的快速环枚举算法,期刊论文,"['潘敏佳', '李荣华', '赵宇海', '王国仁']"
23,基于高阶SNP互作挖掘与分析的复杂疾病全基因组关联研究,赵宇海,东北大学,一种基于弹性维特征向量优化抽取的协同过滤推荐方法,专利,"['印莹', '赵宇海', '郭颂', '张斌']"
24,基于高阶SNP互作挖掘与分析的复杂疾病全基因组关联研究,赵宇海,东北大学,轻量非对齐卷积神经网络模型探索,期刊论文,"['何鑫', '祁欣', '马海涛', '赵宇海', '于长永']"
27,基于高阶SNP互作挖掘与分析的复杂疾病全基因组关联研究,赵宇海,东北大学,一种Gaia系统中的多作业合并与优化系统及方法,专利,"['陈德阳', '王国仁', '赵宇海', '郑军', '李荣华']"
28,基于高阶SNP互作挖掘与分析的复杂疾病全基因组关联研究,赵宇海,东北大学,Gaia系统中基于资源反馈的负载均衡任务调度方法及系统,专利,"['李文佳', '王国仁', '赵宇海', '郑军', '李博扬']"
29,基于高阶SNP互作挖掘与分析的复杂疾病全基因组关联研究,赵宇海,东北大学,一种Gaia系统中的多表连接优化方法,专利,"['宗枫博', '王国仁', '赵宇海', '郑军']"
35,基于高阶SNP互作挖掘与分析的复杂疾病全基因组关联研究,赵宇海,东北大学,一种基于垂直分解的并行频繁闭序列挖掘方法,专利,"['赵宇海', '印莹', '王国仁', '李晨光', '毕天驰']"
38,基于高阶SNP互作挖掘与分析的复杂疾病全基因组关联研究,赵宇海,东北大学,基于多目标演化聚类的大规模动态网络社区检测,期刊论文,"['李赫', '印莹', '李源', '赵宇海', '王国仁']"
39,基于高阶SNP互作挖掘与分析的复杂疾病全基因组关联研究,赵宇海,东北大学,一种Gaia系统中的统一表达API调用系统及调用方法,专利,"['李文佳', '赵宇海', '王国仁', '季航旭', '李博扬']"
41,基于高阶SNP互作挖掘与分析的复杂疾病全基因组关联研究,赵宇海,东北大学,面向Flink迭代作业的动态资源分配策略,期刊论文,"['岳晓飞', '史岚', '赵宇海', '季航旭', '王国仁']"
42,基于高阶SNP互作挖掘与分析的复杂疾病全基因组关联研究,赵宇海,东北大学,基于频率的Read Mapping种子选择算法,期刊论文,"['马海涛', '祁实', '于长永', '赵宇海']"
44,基于高阶SNP互作挖掘与分析的复杂疾病全基因组关联研究,赵宇海,东北大学,一种基于乐观容错方法的迭代器,专利,"['郭文鹏', '赵宇海', '王国仁', '季航旭', '李博扬']"
45,基于高阶SNP互作挖掘与分析的复杂疾病全基因组关联研究,赵宇海,东北大学,一种Gaia中支持多作业并行执行的代理方法,专利,"['王子萌', '王国仁', '赵宇海', '郑军', '李荣华']"
46,基于高阶SNP互作挖掘与分析的复杂疾病全基因组关联研究,赵宇海,东北大学,基于解耦概要图的大规模图数据高效分布式挖掘算法,期刊论文,"['李玲', '印莹', '赵宇海', '王国仁', '董祥军']"
47,基于高阶SNP互作挖掘与分析的复杂疾病全基因组关联研究,赵宇海,东北大学,一种Gaia系统中支持流数据与批数据交互的数据交换系统,专利,"['赵恒泰', '王国仁', '赵宇海', '郑军', '李荣华']"
50,基于高阶SNP互作挖掘与分析的复杂疾病全基因组关联研究,赵宇海,东北大学,一种Gaia系统中面向迭代计算的并行度动态调整方法,专利,"['季航旭', '韦刘国', '赵宇海', '王国仁', '吴刚', '李博扬']"
51,基于高阶SNP互作挖掘与分析的复杂疾病全基因组关联研究,赵宇海,东北大学,Online Runtime Prediction Method for Distributed Iterative Jobs,会议论文,"['岳晓飞', '史岚', '赵宇海', '季航旭', '王国仁']"
52,基于高阶SNP互作挖掘与分析的复杂疾病全基因组关联研究,赵宇海,东北大学,一种自适应任务调度器及方法,专利,"['汪志峰', '赵宇海', '王国仁', '季航旭', '李博扬']"
53,基于高阶SNP互作挖掘与分析的复杂疾病全基因组关联研究,赵宇海,东北大学,Gaia集群中面向数据分布特征的维表缓存管理方法及系统,专利,"['姜苏', '王国仁', '赵宇海', '郑军', '李博扬']"
55,基于高阶SNP互作挖掘与分析的复杂疾病全基因组关联研究,赵宇海,东北大学,一种带有长度和位置约束的字符串索引方法,期刊论文,"['于长永', '高明', '柏禄一', '赵宇海']"
58,基于高阶SNP互作挖掘与分析的复杂疾病全基因组关联研究,赵宇海,东北大学,一种基于受限恢复的图迭代器及方法,专利,"['韦刘国', '赵宇海', '王国仁', '季航旭', '李博扬']"
60,基于高阶SNP互作挖掘与分析的复杂疾病全基因组关联研究,赵宇海,东北大学,一种Gaia集群中面向节点间异构带宽的数据分发方法,专利,"['马卿云', '王国仁', '赵宇海', '郑军', '李荣华']"
61,基于高阶SNP互作挖掘与分析的复杂疾病全基因组关联研究,赵宇海,东北大学,一种分布式异构带宽环境下的高效数据分区方法,期刊论文,"['马卿云', '季航旭', '赵宇海', '毛克明', '王国仁']"
63,基于高阶SNP互作挖掘与分析的复杂疾病全基因组关联研究,赵宇海,东北大学,Gaia系统中面向融合计算的数据缓存装置与系统,专利,"['赵恒泰', '赵宇海', '王国仁', '季航旭', '李博扬']"
64,基于高阶SNP互作挖掘与分析的复杂疾病全基因组关联研究,赵宇海,东北大学,一种优化网络多连接的系统和方法,专利,"['汪诗烨', '赵宇海', '王国仁', '季航旭', '李博扬']"
66,基于高阶SNP互作挖掘与分析的复杂疾病全基因组关联研究,赵宇海,东北大学,一种基于Gaia系统的数据分类方法,专利,"['季航旭', '赵宇海', '王国仁', '吴刚', '李博扬']"
67,基于高阶SNP互作挖掘与分析的复杂疾病全基因组关联研究,赵宇海,东北大学,面向大规模高维序列数据的交互特征并行选择方法,专利,"['赵宇海', '印莹', '郭文鹏', '王国仁', '祁宏伟']"
71,面向智能制造的人机合作伺服系统自律控制研究,吴建华,上海交通大学,可调间隙实验平台,专利,"['吴建华', '韩勇', '刘超', '杨启杰', '熊振华']"
76,面向智能制造的人机合作伺服系统自律控制研究,吴建华,上海交通大学,一种机器人快速示教分拣系统和方法,专利,"['吴建华', '丁铖', '熊振华', '盛鑫军', '朱向阳']"
77,面向智能制造的人机合作伺服系统自律控制研究,吴建华,上海交通大学,一种人机安全防护系统和防护方法,专利,"['吴建华', '丁铖', '单腾飞', '熊振华', '朱向阳']"
81,面向智能制造的人机合作伺服系统自律控制研究,吴建华,上海交通大学,基于继电反馈的伺服系统间隙辨识方法,专利,"['吴建华', '韩勇', '刘超', '杨启杰', '熊振华']"
82,面向智能制造的人机合作伺服系统自律控制研究,吴建华,上海交通大学,一种基于指点杆的多通道触觉传感器及相应的控制方法,专利,"['韩勇', '熊振华', '吴建华']"
84,面向智能制造的人机合作伺服系统自律控制研究,吴建华,上海交通大学,一种基于继电器位置反馈相轨迹曲线拟合的伺服系统辨识方法,专利,"['吴建华', '史晓立', '韩勇', '熊振华', '朱向阳']"
89,面向智能制造的人机合作伺服系统自律控制研究,吴建华,上海交通大学,一种基于RTX+DSP的多轴运动控制器通信系统,专利,"['吴建华', '刘超', '杨启杰', '熊振华', '盛鑫军']"
90,面向智能制造的人机合作伺服系统自律控制研究,吴建华,上海交通大学,一种机器人动力学模型辨识方法,专利,"['吴建华', '熊振华', '韩勇', '史晓立', '朱向阳']"
96,非合作安检太赫兹快速高分辨率成像研究,郭旭光,中国科学院空天信息创新研究院,一种提高太赫兹被动成像单元灵敏度的调 制解调方法,专利,"['郑其斌', '丁丽', '李银伟', '赵旋', '李星', '邱政宣', '王晓鲲', '林文褀', '卜朝晖', '李萍', '朱亦鸣']"
97,非合作安检太赫兹快速高分辨率成像研究,郭旭光,中国科学院空天信息创新研究院,基于MIMO 阵列合成孔径的三维快速成像方法及装置,专利,"['李超', '高航', '吴世有', '方广有']"
99,非合作安检太赫兹快速高分辨率成像研究,郭旭光,中国科学院空天信息创新研究院,用于目标跟踪的测角方法,专利,"['李超', '李宏伟', '吴世有', '高航', '方广有']"
100,非合作安检太赫兹快速高分辨率成像研究,郭旭光,中国科学院空天信息创新研究院,基于伪表面等离激元三维堆叠结构的传感器,专利,"['郭旭光', '郑兴国', '朱亦鸣']"
101,非合作安检太赫兹快速高分辨率成像研究,郭旭光,中国科学院空天信息创新研究院,一种基于矩阵填充的太赫兹稀疏成像设计,专利,"['丁丽', '李萍', '朱亦鸣', '吴淑娴', '张紫欣']"
105,非合作安检太赫兹快速高分辨率成像研究,郭旭光,中国科学院空天信息创新研究院,一种基于单站阵型映射到MIMO阵型的设计 方法,专利,"['丁丽', '李银伟', '李萍', '朱亦鸣', '尹丽娟']"
108,非合作安检太赫兹快速高分辨率成像研究,郭旭光,中国科学院空天信息创新研究院,基于布鲁斯特角测量的太赫兹物质介电常数测量系统,专利,"['丁丽', '王喜旺', '夏克文', '朱亦鸣']"
117,非合作安检太赫兹快速高分辨率成像研究,郭旭光,中国科学院空天信息创新研究院,成像装置、方法、电子设备及存储介质,专利,"['李超', '高航', '吴世有', '方广有']"
120,非合作安检太赫兹快速高分辨率成像研究,郭旭光,中国科学院空天信息创新研究院,基于透射型频控波束扫描器件的太赫兹成像系统,专利,"['李超', '郑深', '张晓娟', '方广有']"
121,非合作安检太赫兹快速高分辨率成像研究,郭旭光,中国科学院空天信息创新研究院,基于SIW的太赫兹传输结构及其制备方法和 应用,专利,"['丁丽', '李萍', '朱亦鸣', '熊毓俊', '鲍佳宸']"
122,非合作安检太赫兹快速高分辨率成像研究,郭旭光,中国科学院空天信息创新研究院,基于MIMO阵列的成像方法及装置,专利,"['李超', '杨冠', '高航', '方广有']"
124,非合作安检太赫兹快速高分辨率成像研究,郭旭光,中国科学院空天信息创新研究院,用于MIMO波束成形的栅旁瓣抑制方法,专利,"['李超', '杨冠', '方广有']"
125,非合作安检太赫兹快速高分辨率成像研究,郭旭光,中国科学院空天信息创新研究院,用于MIMO阵列的相移偏移成像方法及装置,专利,"['李超', '高航', '吴世有', '方广有']"
129,非合作安检太赫兹快速高分辨率成像研究,郭旭光,中国科学院空天信息创新研究院,基于MIMO-SAR的高精度三维快速成像方法及装置,专利,"['李超', '高航', '吴世有', '张群英', '刘小军', '方广有']"
134,非合作安检太赫兹快速高分辨率成像研究,郭旭光,中国科学院空天信息创新研究院,一种太赫兹波谱系统噪声模拟方法及系统,专利,"['吴静睿', '郭旭光', '朱亦鸣']"
136,非合作安检太赫兹快速高分辨率成像研究,郭旭光,中国科学院空天信息创新研究院,太赫兹主、被动复合成像准光学扫描系统,专利,"['李超', '耿贺彬', '郑深', '方广有']"
139,非合作安检太赫兹快速高分辨率成像研究,郭旭光,中国科学院空天信息创新研究院,基于二维矩量法和射线追迹法的透镜高效仿真、优化方法,专利,"['李超', '耿贺彬', '郑深', '方广有']"
140,非合作安检太赫兹快速高分辨率成像研究,郭旭光,中国科学院空天信息创新研究院,一种用于MIMO-SAR的三维快速成像方法,专利,"['李超', '杨冠', '方广有']"
142,非合作安检太赫兹快速高分辨率成像研究,郭旭光,中国科学院空天信息创新研究院,基于多波束非线性鉴角的目标跟踪方法,专利,"['李超', '李宏伟', '吴世有', '郑深', '方广有']"
143,非合作安检太赫兹快速高分辨率成像研究,郭旭光,中国科学院空天信息创新研究院,一种基于复信号频谱运算的数字IQ校准方 法,专利,"['丁丽', '朱亦鸣', '李萍', '陶毅']"
149,非合作安检太赫兹快速高分辨率成像研究,郭旭光,中国科学院空天信息创新研究院,基于多通道数字和差的单脉冲跟踪与成像方法,专利,"['李超', '李宏伟', '吴世有', '高航', '方广有']"
151,非合作安检太赫兹快速高分辨率成像研究,郭旭光,中国科学院空天信息创新研究院,透镜的优化方法,专利,"['李超', '郑深', '张晓娟', '方广有']"
154,非合作安检太赫兹快速高分辨率成像研究,郭旭光,中国科学院空天信息创新研究院,一种等离激元辅助的芯片三维微纳结构的光学测量方法,专利,"['余安琪', '杨振宇', '郭旭光', '朱亦鸣']"
156,非合作安检太赫兹快速高分辨率成像研究,郭旭光,中国科学院空天信息创新研究院,成像装置、方法、电子设备及存储介质,专利,"['李超', '高航', '吴世有', '方广有']"
157,非合作安检太赫兹快速高分辨率成像研究,郭旭光,中国科学院空天信息创新研究院,基于MIMO 阵列合成孔径的高精度三维快速成像方法及装置,专利,"['李超', '高航', '吴世有', '张群英', '刘小军', '方广有']"
158,面向大规模医学图像及诊断报告的跨模态检索关键技术研究,黄青松,昆明理工大学,面向中文医疗问答网站的相似问题检索研究,期刊论文,"['王保成', '刘利军', '黄青松']"
159,面向大规模医学图像及诊断报告的跨模态检索关键技术研究,黄青松,昆明理工大学,基于图像分割的肺结节CT图像哈希检索,期刊论文,"['杨承启', '段彦隆', '冯旭鹏', '刘利军', '黄青松']"
160,面向大规模医学图像及诊断报告的跨模态检索关键技术研究,黄青松,昆明理工大学,基于胸部X 射线影像的常见疾病预测方法研究,期刊论文,"['王江峰', '刘利军', '黄青松', '刘骊', '付晓东']"
161,面向大规模医学图像及诊断报告的跨模态检索关键技术研究,黄青松,昆明理工大学,基于图卷积神经网络的胸部放射影像疾病分类方法,期刊论文,"['赵佳雷', '黄青松', '刘利军', '黄冕']"
162,面向大规模医学图像及诊断报告的跨模态检索关键技术研究,黄青松,昆明理工大学,结合边缘轮廓和姿态特征的人体精确解析模型,期刊论文,"['甘霖', '刘骊', '刘利军', '付晓东', '黄青松']"
163,面向大规模医学图像及诊断报告的跨模态检索关键技术研究,黄青松,昆明理工大学,基于主题模型的胸部X光片诊断报告异常检测方法,期刊论文,"['尤诚诚', '冯旭鹏', '刘利军', '黄青松']"
164,面向大规模医学图像及诊断报告的跨模态检索关键技术研究,黄青松,昆明理工大学,基于改进YOLO算法的肺部CT图像中结节检测研究,期刊论文,"['王波', '冯旭鹏', '刘利军', '黄青松']"
165,面向大规模医学图像及诊断报告的跨模态检索关键技术研究,黄青松,昆明理工大学,基于多模型融合方法的肺结节良恶性分类,期刊论文,"['郭峰', '黄冕', '刘利军', '黄青松']"
166,面向大规模医学图像及诊断报告的跨模态检索关键技术研究,黄青松,昆明理工大学,基于特征选择与残差融合的肝肿瘤分割模型,期刊论文,"['乔伟晨', '黄冕', '刘利军', '黄青松']"
167,面向大规模医学图像及诊断报告的跨模态检索关键技术研究,黄青松,昆明理工大学,一种基于主题模型的胸部X光片诊断报告异常检测方法,专利,"['黄青松', '殷宁波', '尤诚诚', '刘利军', '冯旭鹏']"
168,面向大规模医学图像及诊断报告的跨模态检索关键技术研究,黄青松,昆明理工大学,一种基于骨科症状特征选取的文本处理方法,专利,"['黄青松', '郭峰', '余慧', '刘利军', '冯旭鹏']"
169,面向大规模医学图像及诊断报告的跨模态检索关键技术研究,黄青松,昆明理工大学,基于CNN多层面二阶特征融合的肺结节分类,期刊论文,"['李维', '赵晓乐', '段彦隆', '刘利军', '黄青松']"
170,面向大规模医学图像及诊断报告的跨模态检索关键技术研究,黄青松,昆明理工大学,基于综合特征表示与改进宽深度模型的相似病例推荐方法,专利,"['黄青松', '杨承启', '王艺平', '刘利军', '冯旭鹏']"
171,面向大规模医学图像及诊断报告的跨模态检索关键技术研究,黄青松,昆明理工大学,一种深度强相关哈希学习的大规模图像检索方法,专利,"['黄青松', '单文琦', '刘利军', '冯旭鹏']"
172,面向大规模医学图像及诊断报告的跨模态检索关键技术研究,黄青松,昆明理工大学,一种基于多阶段最大化注意力的多项选择机器阅读理解的方法,专利,"['颜洪', '黄青松', '刘利军', '冯旭鹏']"
173,面向大规模医学图像及诊断报告的跨模态检索关键技术研究,黄青松,昆明理工大学,基于改进UNet++的视网膜血管图像分割方法,专利,"['王江峰', '刘利军', '冯旭鹏', '黄青松']"
175,面向大规模医学图像及诊断报告的跨模态检索关键技术研究,黄青松,昆明理工大学,基于实体关系标注策略的中医电子病历实体关系提取方法,专利,"['黄青松', '陈尧文', '谢先章', '刘利军', '冯旭鹏']"
176,面向大规模医学图像及诊断报告的跨模态检索关键技术研究,黄青松,昆明理工大学,基于卷积神经网络对肺结节的恶性程度进行分类的方法,专利,"['黄青松', '段彦隆', '赵晓乐', '刘利军', '冯旭鹏', '傅铁威']"
178,面向大规模医学图像及诊断报告的跨模态检索关键技术研究,黄青松,昆明理工大学,基于LDA和卷积神经网络的半监督图像标注方法,期刊论文,"['王保成', '刘利军', '黄青松']"
180,面向大规模医学图像及诊断报告的跨模态检索关键技术研究,黄青松,昆明理工大学,基于多层聚焦Inception-V积网络的细粒度图像分类,期刊论文,"['王波', '黄冕', '刘利军', '黄青松', '单文琦']"
181,面向大规模医学图像及诊断报告的跨模态检索关键技术研究,黄青松,昆明理工大学,一种基于词性增量迭代的在线医疗文本症状识别方法,专利,"['黄青松', '尤诚诚', '余慧', '刘利军', '冯旭鹏']"
182,面向大规模医学图像及诊断报告的跨模态检索关键技术研究,黄青松,昆明理工大学,面向肺结节多语义特征分类的不确定性多任务损失方法,期刊论文,"['张帅威', '冯旭鹏', '刘利军', '黄青松']"
183,面向大规模医学图像及诊断报告的跨模态检索关键技术研究,黄青松,昆明理工大学,面向大规模图像检索的深度强相关散列学习方法,期刊论文,"['贺周雨', '冯旭鹏', '刘利军', '黄青松']"
184,面向大规模医学图像及诊断报告的跨模态检索关键技术研究,黄青松,昆明理工大学,基于SHN模型的商品图像检索方法,期刊论文,"['贺周雨', '冯旭鹏', '刘利军', '黄青松']"
186,面向大规模医学图像及诊断报告的跨模态检索关键技术研究,黄青松,昆明理工大学,基于多视图、多尺度、多任务肺结节分类方法,专利,"['黄青松', '张帅威', '刘利军', '冯旭鹏']"
187,高碳硬线钢中B类非金属夹杂物微观尺度结构生长的三维重构与变形/性行为研究,李长荣,贵州大学,高碳硬线钢中B类夹杂物的形成与控制技术,会议论文,"['席作冰', '李长荣', '王奕']"
188,高碳硬线钢中B类非金属夹杂物微观尺度结构生长的三维重构与变形/性行为研究,李长荣,贵州大学,镧对高碳硬线钢中氧化铝夹杂物改性的研究,会议论文,"['陈璐', '李长荣']"
189,高碳硬线钢中B类非金属夹杂物微观尺度结构生长的三维重构与变形/性行为研究,李长荣,贵州大学,HRB抗震钢筋中钛化物析出热力学分析,期刊论文,"['曾泽芸', '李长荣', '黎志英', '刘占林', '李正嵩', '翟勇强']"
190,高碳硬线钢中B类非金属夹杂物微观尺度结构生长的三维重构与变形/性行为研究,李长荣,贵州大学,Nb/V 复合强化对高强度钢筋显微组织和性能的影响,期刊论文,"['曾泽芸', '李长荣', '黎志英', '翟勇强', '王劼']"
192,高碳硬线钢中B类非金属夹杂物微观尺度结构生长的三维重构与变形/性行为研究,李长荣,贵州大学,氧化铝/二氧化铈X射线衍射及拉曼光谱研究,期刊论文,"['王奕', '李长荣', '曾泽芸', '席作冰', '庄昌凌']"
193,高碳硬线钢中B类非金属夹杂物微观尺度结构生长的三维重构与变形/性行为研究,李长荣,贵州大学,基于晶格匹配的非金属夹杂物变性过程研究,会议论文,['李长荣']
195,高碳硬线钢中B类非金属夹杂物微观尺度结构生长的三维重构与变形/性行为研究,李长荣,贵州大学,一种减少加废钢时粘渣的废钢槽及方法,专利,"['王林珠', '李长荣', '庄昌凌', '李翔', '龙潇']"
197,高碳硬线钢中B类非金属夹杂物微观尺度结构生长的三维重构与变形/性行为研究,李长荣,贵州大学,钢中非金属夹杂物图像/图谱表征技术,期刊论文,"['王奕', '李长荣', '曾泽芸']"
198,高碳硬线钢中B类非金属夹杂物微观尺度结构生长的三维重构与变形/性行为研究,李长荣,贵州大学,高强抗震钢筋中铌的碳、氮化物析出热力学研究,期刊论文,"['黎志英', '李长荣', '曾泽芸', '陈龙海', '李正嵩', '刘占林']"
201,高碳硬线钢中B类非金属夹杂物微观尺度结构生长的三维重构与变形/性行为研究,李长荣,贵州大学,镁处理高碳硬线钢中夹杂物,期刊论文,"['王林珠', '席作冰', '李长荣']"
203,高碳硬线钢中B类非金属夹杂物微观尺度结构生长的三维重构与变形/性行为研究,李长荣,贵州大学,一种防止转炉加废钢时废钢槽滑落的装置及使用方法,专利,"['王林珠', '李长荣', '庄昌凌', '李翔']"
205,高碳硬线钢中B类非金属夹杂物微观尺度结构生长的三维重构与变形/性行为研究,李长荣,贵州大学,SWRS钢中稀土元素对氧化铝改性的晶体学,期刊论文,"['王奕', '李长荣', '曾泽芸', '席作冰']"
206,高碳硬线钢中B类非金属夹杂物微观尺度结构生长的三维重构与变形/性行为研究,李长荣,贵州大学,稀土钇对 SWRS 硬线钢中 B 类夹杂物的变性行为影响,期刊论文,"['翟勇强', '李长荣']"
208,高碳硬线钢中B类非金属夹杂物微观尺度结构生长的三维重构与变形/性行为研究,李长荣,贵州大学,高碳硬线钢中B类夹杂物变性研究现状与进展,期刊论文,"['席作冰', '李长荣', '王奕']"
209,高碳硬线钢中B类非金属夹杂物微观尺度结构生长的三维重构与变形/性行为研究,李长荣,贵州大学,稀土镧/钇复合处理钢中B类夹杂物研究,会议论文,"['熊星强', '李长荣']"
211,高碳硬线钢中B类非金属夹杂物微观尺度结构生长的三维重构与变形/性行为研究,李长荣,贵州大学,一种转炉喷补出钢口辅助装置及方法,专利,"['王林珠', '李翔', '李长荣', '庄昌凌', '龙潇']"
212,高碳硬线钢中B类非金属夹杂物微观尺度结构生长的三维重构与变形/性行为研究,李长荣,贵州大学,铝元素含量对Fe-Mn-C-Al系TWIP钢中夹杂物的影响,会议论文,"['杜文辉', '李长荣', '庄昌凌']"
214,高碳硬线钢中B类非金属夹杂物微观尺度结构生长的三维重构与变形/性行为研究,李长荣,贵州大学,镧对高碳硬线钢中Al杂物改性的晶体学分析,期刊论文,"['陈璐', '李长荣', '熊星强']"
215,高碳硬线钢中B类非金属夹杂物微观尺度结构生长的三维重构与变形/性行为研究,李长荣,贵州大学,氧化铝/氧化镧 X射线衍射及拉曼光谱研究,期刊论文,"['王奕', '李长荣', '庄昌凌']"
216,高碳硬线钢中B类非金属夹杂物微观尺度结构生长的三维重构与变形/性行为研究,李长荣,贵州大学,NbC对HRB筋凝固过程中异质形核与晶粒 细化的影响,期刊论文,"['熊星强', '李长荣', '庄昌凌', '黎志英', '王劼']"
217,高碳硬线钢中B类非金属夹杂物微观尺度结构生长的三维重构与变形/性行为研究,李长荣,贵州大学,稀土镧对SWRS钢中氧化铝夹杂物的影响,期刊论文,"['王奕', '李长荣', '熊星强', '宁州韶']"
218,高碳硬线钢中B类非金属夹杂物微观尺度结构生长的三维重构与变形/性行为研究,李长荣,贵州大学,HRB 钢中第二相 VC 的异质形核分析与晶粒细化,期刊论文,"['陈龙海', '李长荣', '黎志英', '李正嵩', '刘占林']"
219,高碳硬线钢中B类非金属夹杂物微观尺度结构生长的三维重构与变形/性行为研究,李长荣,贵州大学,高钛含量对高强度抗震钢筋组织和力学性能的影响,期刊论文,"['黄胜', '李长荣', '黎志英', '翟勇强', '王劼']"
220,高碳硬线钢中B类非金属夹杂物微观尺度结构生长的三维重构与变形/性行为研究,李长荣,贵州大学,钢中非金属夹杂物图像/图谱表征技术的研究与发展,会议论文,"['王奕', '李长荣', '席作冰']"
222,DEC-205受体介导的树突状细胞靶向杜仲多糖纳米粒的佐剂活性及分子机理研究,封海波,西南民族大学,一种纳米微球乳液合成装置,专利,"['封海波', '樊静', '张琳梓', '刘前虔', '冯洋洋', '吴代燕']"
225,DEC-205受体介导的树突状细胞靶向杜仲多糖纳米粒的佐剂活性及分子机理研究,封海波,西南民族大学,一种高压纳米脂质体膜挤出装置,专利,"['封海波', '樊静', '张琳梓', '刘前虔', '冯洋洋', '吴代燕']"
228,DEC-205受体介导的树突状细胞靶向杜仲多糖纳米粒的佐剂活性及分子机理研究,封海波,西南民族大学,手掌参多糖对o-γ射线辐射小鼠造血和抗氧化功能损伤的治疗作用研究,期刊论文,"['冯洋洋', '李杭雨', '张琳梓', '刘前虔', '吴代燕', '梁海川', '封海波']"
229,DEC-205受体介导的树突状细胞靶向杜仲多糖纳米粒的佐剂活性及分子机理研究,封海波,西南民族大学,一种纳米级药物颗粒制备装置,专利,"['封海波', '樊静', '张琳梓', '刘前虔', '冯洋洋', '吴代燕']"
235,DEC-205受体介导的树突状细胞靶向杜仲多糖纳米粒的佐剂活性及分子机理研究,封海波,西南民族大学,PLGA 纳米粒作为药物载体的靶向作用研究进展,期刊论文,"['胡馨', '支慧', '杨艳', '杨杰', '柴东坤', '林浪', '刘云杰', '宋振辉', '封海波']"
236,DEC-205受体介导的树突状细胞靶向杜仲多糖纳米粒的佐剂活性及分子机理研究,封海波,西南民族大学,脂质立方液晶作为药物载体的靶向作用研究进展,期刊论文,"['杨杰', '田兰', '柴东坤', '林浪', '刘云杰', '杨艳', '支慧', '郑小波', '封海波']"
239,DEC-205受体介导的树突状细胞靶向杜仲多糖纳米粒的佐剂活性及分子机理研究,封海波,西南民族大学,一种功能性纳米微球的制备装置,专利,"['封海波', '樊静', '张琳梓', '刘前虔', '冯洋洋', '吴代燕']"
241,施用有机物料对潮土结构演变的影响机制研究,刘建立,中国科学院南京土壤研究所,融合无人机载激光雷达与多光谱遥感数据的冬小麦叶面积指数反演,期刊论文,"['牛玉洁', '李晓鹏', '张佳宝', '马东豪', '纪景纯', '宣可凡', '蒋一飞', '汪春芬', '邓皓东', '刘建立']"
242,施用有机物料对潮土结构演变的影响机制研究,刘建立,中国科学院南京土壤研究所,基于全波段高光谱的冬小麦生长参数估算方法比较,期刊论文,"['纪景纯', '刘建立', '牛玉洁', '宣可凡', '蒋一飞', '邓皓东', '李晓鹏']"
243,施用有机物料对潮土结构演变的影响机制研究,刘建立,中国科学院南京土壤研究所,种植物密度测量装置和种植物密度测量方法,专利,"['李晓鹏', '刘建立', '张佳宝']"
244,施用有机物料对潮土结构演变的影响机制研究,刘建立,中国科学院南京土壤研究所,基于GLUE的土壤溶质运移参数反演及不确定性,期刊论文,"['闫一凡', '李晓鹏', '张佳宝', '刘建立']"
245,施用有机物料对潮土结构演变的影响机制研究,刘建立,中国科学院南京土壤研究所,土壤检测装置和土壤含水量及容重检测方法,专利,"['李晓鹏', '何承东', '刘建立', '张佳宝', '闫一凡']"
246,施用有机物料对潮土结构演变的影响机制研究,刘建立,中国科学院南京土壤研究所,宇宙射线中子法在农田土壤水分监测中的适用性,期刊论文,"['蒋一飞', '李晓鹏', '宣可凡', '纪景纯', '贾仁浩', '王灿', '刘建立']"
247,施用有机物料对潮土结构演变的影响机制研究,刘建立,中国科学院南京土壤研究所,激发式秸秆还田对麦季潮土团聚体中酶活性的影响,期刊论文,"['赵永超', '李晓鹏', '闫一凡', '王一明', '刘建立']"
248,施用有机物料对潮土结构演变的影响机制研究,刘建立,中国科学院南京土壤研究所,融合宇宙射线中子法和无人机遥感的中小尺度土壤水监测系统及方法,专利,"['李晓鹏', '赵原', '刘金涛', '刘建立', '张佳宝']"
249,施用有机物料对潮土结构演变的影响机制研究,刘建立,中国科学院南京土壤研究所,宇宙射线中子法在土壤水分监测研究中的应用进展,期刊论文,"['赵原', '李晓鹏', '纪景纯', '邹晓娟', '宣可凡', '王伟鹏', '刘建立']"
250,施用有机物料对潮土结构演变的影响机制研究,刘建立,中国科学院南京土壤研究所,探针式土壤墒情传感器,专利,"['李晓鹏', '杨坤', '王晟', '刘建立', '张佳宝']"
252,施用有机物料对潮土结构演变的影响机制研究,刘建立,中国科学院南京土壤研究所,基于FDR的无线土壤墒情检测装置,专利,"['李晓鹏', '杨坤', '王晟', '刘建立', '张佳宝']"
254,冲击荷载作用下典型聚脲涂覆防护结构的动态响应与失效机理,郭辉,西南科技大学,一种建筑材料切割装置,专利,"['郭辉', '冯晶晶', '高艺', '陈玉']"
255,冲击荷载作用下典型聚脲涂覆防护结构的动态响应与失效机理,郭辉,西南科技大学,一种多带隙组合调控的混凝土超材料结构及其制备方法,专利,"['郭辉', '尹明升', '邓妍池', '孙亚斌', '岳建鑫', '陈玉']"
257,冲击荷载作用下典型聚脲涂覆防护结构的动态响应与失效机理,郭辉,西南科技大学,一种耐伽玛射线辐照聚脲材料及其制备方法,专利,"['郭辉', '陈玉', '姜欣怡', '蒋林志', '卢春江', '凌星鹏']"
258,冲击荷载作用下典型聚脲涂覆防护结构的动态响应与失效机理,郭辉,西南科技大学,功能性聚脲弹性体的制备及γ射线辐照对其性能的影响,期刊论文,"['李君雅', '郭辉', '何川', '李可天', '何潘庆', '姜欣怡']"
259,冲击荷载作用下典型聚脲涂覆防护结构的动态响应与失效机理,郭辉,西南科技大学,一种用于泡沫铝的抗爆耐冲击聚脲涂料及其制备方法,专利,"['郭辉', '卢春江', '陈玉', '顾蒙', '蒋林志', '凌星鹏', '姜欣怡']"
260,冲击荷载作用下典型聚脲涂覆防护结构的动态响应与失效机理,郭辉,西南科技大学,一种用于玻璃防护的透明保温聚脲涂层材料及其制备方法,专利,"['郭辉', '周自荣', '陈玉']"
263,融合宇宙射线中子法和无人机遥感的中尺度土壤水分反演方法研究,李晓鹏,中国科学院南京土壤研究所,宇宙射线中子法在土壤水分监测研究中的应用进展,期刊论文,"['赵原', '李晓鹏', '纪景纯', '邹晓娟', '宣可凡', '王伟鹏', '刘建立']"
264,融合宇宙射线中子法和无人机遥感的中尺度土壤水分反演方法研究,李晓鹏,中国科学院南京土壤研究所,基于全波段高光谱的冬小麦生长参数估算方法比较,期刊论文,"['纪景纯', '刘建立', '牛玉洁', '宣可凡', '蒋一飞', '邓皓东', '李晓鹏']"
265,融合宇宙射线中子法和无人机遥感的中尺度土壤水分反演方法研究,李晓鹏,中国科学院南京土壤研究所,融合无人机载激光雷达与多光谱遥感数据的冬小麦叶面积指数反演,期刊论文,"['牛玉洁', '李晓鹏', '张佳宝', '马东豪', '纪景纯', '宣可凡', '蒋一飞', '汪春芬', '邓皓东', '刘建立']"
267,融合宇宙射线中子法和无人机遥感的中尺度土壤水分反演方法研究,李晓鹏,中国科学院南京土壤研究所,压缩感知理论在地学空间数据重构中的应用进展,期刊论文,"['王灿', '李晓鹏', '宣可凡', '蒋一飞', '纪景纯', '贾仁浩', '刘建立']"
268,融合宇宙射线中子法和无人机遥感的中尺度土壤水分反演方法研究,李晓鹏,中国科学院南京土壤研究所,融合宇宙射线中子法和无人机遥感的中小尺度土壤水监测系统及方法,专利,"['李晓鹏', '赵原', '刘金涛', '刘建立', '张佳宝']"
269,融合宇宙射线中子法和无人机遥感的中尺度土壤水分反演方法研究,李晓鹏,中国科学院南京土壤研究所,种植物密度测量装置和种植物密度测量方法,专利,"['李晓鹏', '刘建立', '张佳宝', '黄珊', '张苏', '赵原']"
270,融合宇宙射线中子法和无人机遥感的中尺度土壤水分反演方法研究,李晓鹏,中国科学院南京土壤研究所,宇宙射线中子法在农田土壤水分监测中的适用性,期刊论文,"['蒋一飞', '李晓鹏', '宣可凡', '纪景纯', '贾仁浩', '王灿', '刘建立']"
271,融合宇宙射线中子法和无人机遥感的中尺度土壤水分反演方法研究,李晓鹏,中国科学院南京土壤研究所,土壤墒情检测装置,专利,"['李晓鹏', '杨坤', '王晟', '刘建立', '张佳宝']"
277,基于像素化结构的ZnO:Ga单晶纳米棒阵列 α粒子闪烁屏研究,李乾利,上海大学,高显指白光PiG荧光薄膜制备与激光照明应用,期刊论文,"['袁瑞', '郭钒', '李慧慧', '佟佳', '李乾利', '赵景泰', '张志军']"
278,基于像素化结构的ZnO:Ga单晶纳米棒阵列 α粒子闪烁屏研究,李乾利,上海大学,基于ZnO:In纳米棒阵列的X射线闪烁转换屏制备与性能研究,期刊论文,"['李乾利', '胡亚华', '马逸凡', '孙志祥', '王敏', '刘小林', '赵景泰', '张志军']"
280,基于像素化结构的ZnO:Ga单晶纳米棒阵列 α粒子闪烁屏研究,李乾利,上海大学,基于钙钛矿纳米晶的γ射线闪烁转换屏的制备方法,专利,"['张志军', '杨珩', '李乾利', '李慧慧']"
283,基于像素化结构的ZnO:Ga单晶纳米棒阵列 α粒子闪烁屏研究,李乾利,上海大学,度博士后科学基金获得者选介,奖励,['李乾利']
284,基于像素化结构的ZnO:Ga单晶纳米棒阵列 α粒子闪烁屏研究,李乾利,上海大学,通过Pr~()掺杂SrZnOS实现应力发光颜色调控及其应力发光机理,期刊论文,"['李婷', '杨云凌', '范雨婷', '袁佳勇', '申玉芳', '张志军']"
291,基于像素化结构的ZnO:Ga单晶纳米棒阵列 α粒子闪烁屏研究,李乾利,上海大学,中子探测用闪烁材料研究进展,期刊论文,"['张泽青', '李乾利', '张志军', '赵景泰']"
294,基于像素化结构的ZnO:Ga单晶纳米棒阵列 α粒子闪烁屏研究,李乾利,上海大学,LuiCe纳米晶的溶胶-凝胶法合成和闪烁性能,期刊论文,"['李乾利', '胡亚华', '马玉彬', '黄世明', '顾牡', '张志军', '赵景泰']"
299,基于像素化结构的ZnO:Ga单晶纳米棒阵列 α粒子闪烁屏研究,李乾利,上海大学,像素化结构的ZnO:Ga纳米棒阵列α粒子闪烁屏,会议论文,"['李乾利', '陈家璇', '程佳会', '张志军']"
305,微波增敏消融联合化疗、PD-1阻断多功能纳米平台的构建及其骨肉瘤治疗机制研究,张余,南方医科大学,微波消融治疗肿瘤免疫效应研究进展,期刊论文,"['陈玲玲', '林泽枫', '张余']"
306,微波增敏消融联合化疗、PD-1阻断多功能纳米平台的构建及其骨肉瘤治疗机制研究,张余,南方医科大学,微波消融辅助治疗股骨近端巨细胞瘤的应用研究,期刊论文,"['柯晋', '陈玲玲', '陈旭琼', '张余']"
310,微波增敏消融联合化疗、PD-1阻断多功能纳米平台的构建及其骨肉瘤治疗机制研究,张余,南方医科大学,影像引导下经皮微波消融治疗骨转移癌性疼痛,期刊论文,"['柯晋', '张余', '陈旭琼', '陈玲玲', '姚孟宇']"
312,微波增敏消融联合化疗、PD-1阻断多功能纳米平台的构建及其骨肉瘤治疗机制研究,张余,南方医科大学,一种可降解铋基微波诊疗试剂及其制备方法和应用,专利,"['李世美', '孟宪伟', '谭龙飞', '任湘菱', '吴琼', '付长慧']"
313,微波增敏消融联合化疗、PD-1阻断多功能纳米平台的构建及其骨肉瘤治疗机制研究,张余,南方医科大学,微波消融在四肢骨巨细胞瘤合并病理性骨折治疗中的应用,期刊论文,"['柯晋', '陈玲玲', '陈旭琼', '陈辉强', '姚孟宇', '曾小龙', '王鸣', '马立敏', '张余']"
314,微波增敏消融联合化疗、PD-1阻断多功能纳米平台的构建及其骨肉瘤治疗机制研究,张余,南方医科大学,微波消融治疗肿瘤的免疫效应研究进展,期刊论文,"['周洁龙', '程实', '张余']"
317,微波增敏消融联合化疗、PD-1阻断多功能纳米平台的构建及其骨肉瘤治疗机制研究,张余,南方医科大学,肿瘤亲骨转移与代谢适应性研究进展,期刊论文,"['邵宏伟', '纪雄发', '张余']"
318,微波增敏消融联合化疗、PD-1阻断多功能纳米平台的构建及其骨肉瘤治疗机制研究,张余,南方医科大学,一种用于微波动力治疗肿瘤的微球及其制备方法和应用,专利,"['孟宪伟', '夏娜', '谭龙飞', '付长慧', '吴琼', '任湘菱']"
320,考虑应力主轴旋转的围岩板裂化形成机理与结构特征研究,卢景景,中国科学院武汉岩土力学研究所,岩石空心圆柱扭剪仪(工装机),专利,"['周辉', '姜玥', '卢景景', '黄磊', '张传庆', '胡大伟', '高阳', '陈珺']"
321,考虑应力主轴旋转的围岩板裂化形成机理与结构特征研究,卢景景,中国科学院武汉岩土力学研究所,岩石拉压双面剪切试验装置,专利,"['周辉', '陈珺', '卢景景', '张传庆', '胡大伟', '姜玥']"
322,考虑应力主轴旋转的围岩板裂化形成机理与结构特征研究,卢景景,中国科学院武汉岩土力学研究所,不同应力路径下灰砂岩力学特性与强度参数研究,期刊论文,"['姜玥', '周辉', '卢景景', '张传庆', '高阳', '陈珺']"
323,考虑应力主轴旋转的围岩板裂化形成机理与结构特征研究,卢景景,中国科学院武汉岩土力学研究所,一种裂隙试样制备方法,专利,"['卢景景', '谢业统', '周辉', '张传庆', '胡大伟', '龚春艳', '韩钢']"
326,考虑应力主轴旋转的围岩板裂化形成机理与结构特征研究,卢景景,中国科学院武汉岩土力学研究所,实现地质探测的组合式TBM及地质探测掘进方法,专利,"['卢景景', '龚春艳', '周辉', '张传庆', '杨凡杰', '胡大伟', '高阳', '杨艳霜']"
328,考虑应力主轴旋转的围岩板裂化形成机理与结构特征研究,卢景景,中国科学院武汉岩土力学研究所,硬岩板裂化及其锚固机制,专著,"['周辉', '卢景景', '张春生', '陈建林']"
330,考虑应力主轴旋转的围岩板裂化形成机理与结构特征研究,卢景景,中国科学院武汉岩土力学研究所,高应力、高水压耦合作用下水工隧洞安全评价关键技术,奖励,"['张春生', '刘宁', '张传庆', '周济芳', '周辉', '黄平平', '雷添杰', '张继勋', '倪绍虎', '褚卫江', '高阳', '彭鹏', '陈平志', '李翔宇', '卢景景']"
333,考虑应力主轴旋转的围岩板裂化形成机理与结构特征研究,卢景景,中国科学院武汉岩土力学研究所,实现卡机脱困的组合式TBM及卡机脱困掘进方法,专利,"['卢景景', '龚春艳', '周辉', '张传庆', '高阳', '杨凡杰', '朱勇', '杨艳霜']"
334,考虑应力主轴旋转的围岩板裂化形成机理与结构特征研究,卢景景,中国科学院武汉岩土力学研究所,等体积空孔直眼掏槽槽腔形成过程及其分析,期刊论文,"['柴修伟', '李建国', '习本军', '徐亮', '彭亚利', '王文科', '金胜利']"
335,考虑应力主轴旋转的围岩板裂化形成机理与结构特征研究,卢景景,中国科学院武汉岩土力学研究所,岩石多功能剪切试验测试装置,专利,"['周辉', '陈珺', '卢景景', '张传庆', '胡大伟', '姜玥']"
336,考虑应力主轴旋转的围岩板裂化形成机理与结构特征研究,卢景景,中国科学院武汉岩土力学研究所,可伸缩式围压套筒及岩石力学试验仪器,专利,"['姜玥', '卢景景', '周辉', '陈珺', '黄磊', '高阳']"
337,考虑应力主轴旋转的围岩板裂化形成机理与结构特征研究,卢景景,中国科学院武汉岩土力学研究所,拉应力作用下黑砂岩剪切破裂面粗糙度表征及各向异性特征研究,期刊论文,"['陈珺', '周辉', '侯靖', '卢景景', '张传庆', '崔国建', '倪绍虎']"
338,考虑应力主轴旋转的围岩板裂化形成机理与结构特征研究,卢景景,中国科学院武汉岩土力学研究所,岩石空心圆柱扭剪仪,专利,"['周辉', '姜玥', '卢景景', '黄磊', '张传庆', '胡大伟', '高阳', '陈珺']"
339,考虑应力主轴旋转的围岩板裂化形成机理与结构特征研究,卢景景,中国科学院武汉岩土力学研究所,深部岩体复杂力学响应关键实验技术与装备,奖励,"['周辉', '胡大伟', '张传庆', '杨凡杰', '卢景景', '刘宁']"
340,考虑应力主轴旋转的围岩板裂化形成机理与结构特征研究,卢景景,中国科学院武汉岩土力学研究所,深部复合地层隧(巷)道TBM安全高效掘进控制关键技术,奖励,"['刘泉声', '黄兴', '刘斌', '陈馈', '李涛', '张子新', '朱元广', '夏明锬', '潘玉丛', '卢景景']"
341,基于BIM的建筑结构设计知识本体及推演方法,龙丹冰,西南交通大学,一种以监测数据驱动的综合管廊运维动态风险评价方法,专利,"['龙丹冰', '赵一静', '杨成']"
342,基于BIM的建筑结构设计知识本体及推演方法,龙丹冰,西南交通大学,以监测报警数据驱动的综合管廊运维动态风险评价,期刊论文,"['龙丹冰', '赵一静', '杨成']"
344,基于BIM的建筑结构设计知识本体及推演方法,龙丹冰,西南交通大学,基于知识图谱的施工行为安全风险分析与危险点识别的方法,专利,"['龙丹冰', '魏君豪', '杨成']"
347,基于BIM的建筑结构设计知识本体及推演方法,龙丹冰,西南交通大学,基于熵算法改进的故障树-云模型风险分析方法,期刊论文,"['龙丹冰', '解丽萍', '杨成']"
350,基于BIM的建筑结构设计知识本体及推演方法,龙丹冰,西南交通大学,知识图谱改进的施工行为安全风险与危险位置识别算法,期刊论文,"['龙丹冰', '魏君豪', '杨成']"
351,基于BIM的建筑结构设计知识本体及推演方法,龙丹冰,西南交通大学,基于熵算法改进的云模型和故障树古建筑风险分析方法,专利,"['龙丹冰', '解丽萍', '杨成']"
352,蛋白质聚集状态影响蛋白质/多糖静电复合及界面/乳化特性的机制研究,方亚鹏,湖北工业大学,一种延缓鱼油氧化的乳液及其制备方法,专利,"['方亚鹏', '王晨茜', '孙翠霞']"
355,蛋白质聚集状态影响蛋白质/多糖静电复合及界面/乳化特性的机制研究,方亚鹏,湖北工业大学,玉米醇溶蛋白/阿拉伯胶复合纳米颗粒及其制备方法,专利,"['方亚鹏', '宋静如', '孙翠霞', '张俊威', '熊哲强']"
359,蛋白质聚集状态影响蛋白质/多糖静电复合及界面/乳化特性的机制研究,方亚鹏,湖北工业大学,一种蛋黄酱类似物及其制备方法,专利,"['方亚鹏', '王晨茜', '孙翠霞']"
377,基于贝叶斯方法整合临床与基因数据的类风湿关节炎预后风险模型研究,付凌雨,中国医科大学,基于个体化临床特征构建的评估类风湿性关节炎脑卒中风险的预测模型,专利,"['付凌雨', '辛芳冉']"
378,基于贝叶斯方法整合临床与基因数据的类风湿关节炎预后风险模型研究,付凌雨,中国医科大学,基于ARIMA时间序列模型的某医院急诊量预测分析及效果评价,会议论文,"['陈萌', '付凌雨']"
381,基于贝叶斯方法整合临床与基因数据的类风湿关节炎预后风险模型研究,付凌雨,中国医科大学,SAA白作为类风湿关节炎诊断标志物的应用、诊断或辅助诊断试剂盒中的应用,专利,"['付凌雨', '李佳慧']"
384,基于贝叶斯方法整合临床与基因数据的类风湿关节炎预后风险模型研究,付凌雨,中国医科大学,TNF-α-/A 基因多态性与 TNF-α 抑制药治疗类风湿关节炎疗效相关性的 Meta 分析,期刊论文,"['白冰清', '辛芳冉', '魏婷婷', '付凌雨']"
388,肺部4D CT图像的高精度非刚性配准算法研究,董恩清,山东大学,一种在类球体区域约束下进行气管壁缺口封堵的肺气道树分割方法,专利,"['崔文韬', '韩贺', '薛鹏', '纪慧中', '熊文硕', '董恩清', '张德敬', '孙祺', '高翔', '常树旺']"
390,肺部4D CT图像的高精度非刚性配准算法研究,董恩清,山东大学,基于卡尔曼滤波和 CT图像配准的肺部呼吸运动估计方法,专利,"['董恩清', '薛鹏', '曹海', '傅宇', '纪慧中', '崔文韬']"
392,肺部4D CT图像的高精度非刚性配准算法研究,董恩清,山东大学,基于图像特征和光流场的非刚性图像配准,期刊论文,"['纪慧中', '贾大宇', '董恩清', '薛鹏', '唐振超']"
393,肺部4D CT图像的高精度非刚性配准算法研究,董恩清,山东大学,基于三维深度学习网络预测肺结节良恶性的多病理类型的分类方法,专利,"['董恩清', '金叶', '纪慧中', '倪天骄', '薛鹏', '傅宇', '曹海', '崔文韬']"
394,肺部4D CT图像的高精度非刚性配准算法研究,董恩清,山东大学,基于张量稀疏表示的拓扑结构维持的图像配准方法,专利,"['董恩清', '亓玉佩', '李宇森', '薛鹏', '纪慧中', '熊文硕']"
397,肺部4D CT图像的高精度非刚性配准算法研究,董恩清,山东大学,一种基于模糊主动轮廓的鲁棒局部分割方法,期刊论文,"['孙文燕', '董恩清', '曹祝楼', '郑强']"
399,肺部4D CT图像的高精度非刚性配准算法研究,董恩清,山东大学,基于人工智能融合多模态信息构建肺结节良恶性的多种病理类型的诊断模型,专利,"['董恩清', '金叶', '纪慧中', '倪天骄', '薛鹏', '傅宇', '曹海', '崔文韬']"
403,肺部4D CT图像的高精度非刚性配准算法研究,董恩清,山东大学,一种非刚性医学图像配准方法,专利,"['董恩清', '李宇森', '亓玉佩', '薛鹏', '纪慧中', '熊文硕']"
404,肺部4D CT图像的高精度非刚性配准算法研究,董恩清,山东大学,一种基于窄带约束的几何活动轮廓模型局部分割方法,专利,"['董恩清', '刘肖', '孙文燕', '薛鹏', '纪慧中', '熊文硕']"
405,肺部4D CT图像的高精度非刚性配准算法研究,董恩清,山东大学,一种基于三维深度学习网络的肺结节良恶性预测方法,专利,"['董恩清', '熊文硕', '纪惠中', '金叶', '倪天骄', '薛鹏', '韩贺']"
409,硬脆性岩石强度演化特征与深埋岩体长期强度研究,杨艳霜,湖北工业大学,一种基于套孔应力解除法测量地应力时的激光定位装置,专利,"['杨艳霜', '骆顺天', '肖衡林', '胡其志', '马强', '李金兰', '张帆']"
410,硬脆性岩石强度演化特征与深埋岩体长期强度研究,杨艳霜,湖北工业大学,不同水岩作用下砂岩的力学参数演化特征,期刊论文,"['付建军', '董正东', '杨艳霜', '易恒']"
411,硬脆性岩石强度演化特征与深埋岩体长期强度研究,杨艳霜,湖北工业大学,A Geo-Ecological Study and Application of Elastoplastic Damage Constitutive Model for Mudstone,期刊论文,['李金兰']
412,硬脆性岩石强度演化特征与深埋岩体长期强度研究,杨艳霜,湖北工业大学,实现卡机脱困的组合式TBM及卡机脱困掘进方法,专利,"['卢景景', '龚春艳', '周辉', '张传庆', '高阳', '杨凡杰', '朱勇', '杨艳霜']"
413,硬脆性岩石强度演化特征与深埋岩体长期强度研究,杨艳霜,湖北工业大学,实现岩爆预处理的组合式TBM及岩爆预处理掘进方法,专利,"['周辉', '龚春艳', '卢景景', '张传庆', '高阳', '杨凡杰', '朱勇', '杨艳霜']"
414,硬脆性岩石强度演化特征与深埋岩体长期强度研究,杨艳霜,湖北工业大学,高地应力硬脆性围岩开挖损伤区时滞性破坏案例分析——特征与机理,期刊论文,"['杨艳霜', '周辉', '梅松华', '张占荣', '李金兰']"
415,lncRNA DRIALA调控自噬介导的乳腺癌细胞凋亡的机制研究,龚畅,中山大学,乳腺癌新辅助化疗后病理完全缓解概率预测方法及系统,专利,"['宋尔卫', '龚畅', '沈君', '杨雅平', '程子亮', '林婉仪']"
416,lncRNA DRIALA调控自噬介导的乳腺癌细胞凋亡的机制研究,龚畅,中山大学,一种预测致密型乳腺的乳腺病灶恶性风险模型及其构建方法,专利,"['龚畅', '杨雅平', '胡越', '林婉仪']"
420,lncRNA DRIALA调控自噬介导的乳腺癌细胞凋亡的机制研究,龚畅,中山大学,一种环状RNA全长序列的检测方法,专利,"['龚畅', '刘子豪', '梁格豪']"
422,lncRNA DRIALA调控自噬介导的乳腺癌细胞凋亡的机制研究,龚畅,中山大学,评估Paget’s 病伴浸润性导管癌患者预后的模型及其应用,专利,"['龚畅', '谭璐媛']"
427,lncRNA DRIALA调控自噬介导的乳腺癌细胞凋亡的机制研究,龚畅,中山大学,乳腺癌循环肿瘤细胞miRNA和EMT标记物联合检测试剂盒及其应用,专利,"['龚畅', '宋尔卫', '谭维格', '梁格豪', '谢新华']"
428,lncRNA DRIALA调控自噬介导的乳腺癌细胞凋亡的机制研究,龚畅,中山大学,一种预测ER+乳腺癌新辅助化疗效果的试剂盒和系统,专利,"['龚畅', '宋尔卫', '谭维格']"
430,离心泵叶轮内失速涡的触发机理及动力学特性研究,周佩剑,中国计量大学,高抗汽蚀的自吸离心泵,专利,"['周佩剑', '吴振兴', '牟介刚', '简捷', '郑水华', '谷云庆', '吴登昊']"
431,离心泵叶轮内失速涡的触发机理及动力学特性研究,周佩剑,中国计量大学,一种抑制离心泵叶轮入口回流涡的机构,专利,"['周佩剑', '刘涛', '牟介刚']"
432,离心泵叶轮内失速涡的触发机理及动力学特性研究,周佩剑,中国计量大学,一种离心泵半开式叶轮,专利,"['周佩剑', '刘诺佳', '牟介刚']"
433,离心泵叶轮内失速涡的触发机理及动力学特性研究,周佩剑,中国计量大学,低比转速离心泵叶轮瞬态空化特性分析,期刊论文,"['吴登昊', '吴振兴', '周佩剑', '牟介刚', '谷云庆', '陈莹']"
437,离心泵叶轮内失速涡的触发机理及动力学特性研究,周佩剑,中国计量大学,单叶片离心泵蜗壳内二次流的非定常特性研究,期刊论文,"['周佩剑', '刘涛', '牟介刚', '谷云庆', '吴登昊', '任芸']"
438,离心泵叶轮内失速涡的触发机理及动力学特性研究,周佩剑,中国计量大学,一种平面抛光方法,专利,"['周佩剑', '颜朝寿', '蒋豪杰', '牟介刚']"
442,离心泵叶轮内失速涡的触发机理及动力学特性研究,周佩剑,中国计量大学,喉管与喷嘴截面积比对射流式鱼泵输送性能及鱼损的影响,期刊论文,"['徐茂森', '龙新平', '牟介刚', '郑水华', '周佩剑', '任芸', '吴登昊']"
444,冠心病患者健康行为模型及移动健康管理模式的构建与实证研究,吴瑛,首都医科大学,不同冠心病患者对健康管理App的需求分析,会议论文,"['王卿宇', '吴瑛']"
445,冠心病患者健康行为模型及移动健康管理模式的构建与实证研究,吴瑛,首都医科大学,The effect of bystander cardiopulmonary in increasing survival rate of out-of-hospital cardiac arrest is mainly mediated by survived event,会议论文,"['陈玉玲', '岳鹏', '吴瑛']"
446,冠心病患者健康行为模型及移动健康管理模式的构建与实证研究,吴瑛,首都医科大学,基于多元信息融合的健康生活方式指导系统及方法,专利,"['吴瑛', '陈玉玲', '邓颖', '吴芳琴', '岳鹏', '刘溢思', '张艳']"
447,冠心病患者健康行为模型及移动健康管理模式的构建与实证研究,吴瑛,首都医科大学,"Competencies Related to Informatics and Information Management for Practicing Nurses in Select Countries in Asia. In Judy Murphy, William Goossen, Patrick Weber (Eds). Forecasting Informatics Competencies for Nurses in the Future of Connected Health.",专著,"['吴瑛', '王艳玲', '季美华']"
448,冠心病患者健康行为模型及移动健康管理模式的构建与实证研究,吴瑛,首都医科大学,用于患者服药远程监控的服药提醒系统及方法,专利,"['吴瑛', '陈玉玲', '邓颖', '吴芳琴', '岳鹏', '刘溢思', '张艳']"
449,冠心病患者健康行为模型及移动健康管理模式的构建与实证研究,吴瑛,首都医科大学,用于提供冠心病延续性护理的远程医疗系统及方法,专利,"['吴瑛', '陈玉玲', '邓颖', '吴芳琴', '岳鹏', '刘溢思', '张艳']"
450,冠心病患者健康行为模型及移动健康管理模式的构建与实证研究,吴瑛,首都医科大学,移动健康应用进展,期刊论文,"['陈玉玲', '吴瑛']"
451,冠心病患者健康行为模型及移动健康管理模式的构建与实证研究,吴瑛,首都医科大学,国智慧健康医疗创新成果奖,奖励,"['吴瑛', '陈玉玲', '邓颖', '吴芳琴']"
452,冠心病患者健康行为模型及移动健康管理模式的构建与实证研究,吴瑛,首都医科大学,用于健康行为干预的云端管理数据库建立方法及系统,专利,"['吴瑛', '陈玉玲', '邓颖', '吴芳琴']"
453,冠心病患者健康行为模型及移动健康管理模式的构建与实证研究,吴瑛,首都医科大学,"Adherence to Recommended Lifestyle and Medical Therapies in Persons with Coronary Heart Disease in Beijing, China",会议论文,"['李佳', '岳鹏', '刘溢思', '吴瑛']"
454,冠心病患者健康行为模型及移动健康管理模式的构建与实证研究,吴瑛,首都医科大学,"Development of theory- and evidence-based, individualized, and intelligent interventions to promote the adoption and maintenance of healthy diet and physical activity in patients with coronary heart disease",期刊论文,"['陈玉玲', '吴芳琴', '吴瑛']"
455,冠心病患者健康行为模型及移动健康管理模式的构建与实证研究,吴瑛,首都医科大学,No improvement in outcome of out-of-hospital cardiac arrest during and its associated factors in China,会议论文,"['陈玉玲', '岳鹏', '吴瑛']"
456,冠心病患者健康行为模型及移动健康管理模式的构建与实证研究,吴瑛,首都医科大学,基于移动智能终端的辅助戒烟智能规划系统及方法,专利,"['吴瑛', '陈玉玲', '邓颖', '吴芳琴', '岳鹏', '刘溢思', '张艳']"
468,高温高频条件下航空合金焊接接头超长寿命疲劳损伤机理与寿命预测研究,刘永杰,四川大学,基于Abaqus平台疲劳损伤与寿命评估方法,专利,"['张宏', '王清远', '刘永杰', '王宠', '李浪']"
469,高温高频条件下航空合金焊接接头超长寿命疲劳损伤机理与寿命预测研究,刘永杰,四川大学,复杂条件下高频振动疲劳试验技术与应用,奖励,"['王清远', '刘永杰', '黄志勇', '王宠', '王志宇', '张宏']"
471,高温高频条件下航空合金焊接接头超长寿命疲劳损伤机理与寿命预测研究,刘永杰,四川大学,复杂荷载与环境下超长寿命疲劳测试技术及工程应用,奖励,"['王清远', '刘永杰', '王宠']"
473,高温高频条件下航空合金焊接接头超长寿命疲劳损伤机理与寿命预测研究,刘永杰,四川大学,TC金电子束焊接接头高周疲劳失效行为研究,期刊论文,"['张心怡', '刘福林', '刘永杰', '王清远']"
478,高温高频条件下航空合金焊接接头超长寿命疲劳损伤机理与寿命预测研究,刘永杰,四川大学,基于固有频率的超声疲劳裂纹扩展速率测量方法,专利,"['何超', '王清远', '刘永杰', '李雪', '李浪', '张宏', '王宠']"
479,高温高频条件下航空合金焊接接头超长寿命疲劳损伤机理与寿命预测研究,刘永杰,四川大学,基于热耗散的高效率原位超声疲劳实验系统及其实现方法,专利,"['陈尧', '刘永杰', '王清远']"
485,高温高频条件下航空合金焊接接头超长寿命疲劳损伤机理与寿命预测研究,刘永杰,四川大学,面心立方材料疲劳过程晶体塑性本构模型建立方法,专利,"['张宏', '王清远', '刘永杰', '王宠', '李浪']"
486,高温高频条件下航空合金焊接接头超长寿命疲劳损伤机理与寿命预测研究,刘永杰,四川大学,一种非接触式多尺度裂纹识别方法,专利,"['李浪', '王清远', '刘永杰', '董江峰']"
487,高温高频条件下航空合金焊接接头超长寿命疲劳损伤机理与寿命预测研究,刘永杰,四川大学,基于晶体塑性的疲劳裂纹萌生与扩展的损伤寿命评估方法,专利,"['张宏', '张玮', '王林森', '王清远', '刘永杰', '李浪', '何超', '王宠']"
488,高温高频条件下航空合金焊接接头超长寿命疲劳损伤机理与寿命预测研究,刘永杰,四川大学,一种基于机器学习的材料抗疲劳优化设计方法,专利,"['张宏', '王清远', '刘永杰', '王宠', '何超', '李浪']"
489,高温高频条件下航空合金焊接接头超长寿命疲劳损伤机理与寿命预测研究,刘永杰,四川大学,一种统一试样尺寸的超声疲劳应力放大装置,专利,"['何超', '王清远', '王宠', '刘永杰', '李雪', '李浪', '张宏']"
497,高温高频条件下航空合金焊接接头超长寿命疲劳损伤机理与寿命预测研究,刘永杰,四川大学,基于晶体塑性焊接工艺模型的损伤与疲劳寿命评估方法,专利,"['张宏', '王清远', '刘永杰', '王宠', '李浪']"
502,基于集合降雨预报和可变模糊集的洪水预报方法研究,薛志春,北京市水科学技术研究院,一种基于粒子群算法水库多目标供水能力优化方法,专利,"['林鹏飞', '游进军', '贾玲', '蒋云钟', '方国华', '汪林', '薛志春', '付敏', '刘鼎', '闫腾', '姚懿真']"
503,基于集合降雨预报和可变模糊集的洪水预报方法研究,薛志春,北京市水科学技术研究院,一种用于检测河道防汛水位的监测预警系统,专利,"['薛志春', '邸苏闯', '潘兴瑶', '刘洪禄', '李永坤', '张书函', '王丽晶', '张岑', '周星', '卢亚静', '于磊', '邱颖', '杨思敏', '赵曦月']"
504,基于集合降雨预报和可变模糊集的洪水预报方法研究,薛志春,北京市水科学技术研究院,一种基于二层结构的流域生态调度方法,专利,"['游进军', '薛志春', '林鹏飞', '牛存稳', '魏娜', '贺华翔', '马真臻', '杨朝晖', '王婷']"
506,基于集合降雨预报和可变模糊集的洪水预报方法研究,薛志春,北京市水科学技术研究院,水量分配方案组织实施评价指标体系研究,期刊论文,"['宋秋波', '丁菊莺', '游进军', '高青峰']"
507,基于集合降雨预报和可变模糊集的洪水预报方法研究,薛志春,北京市水科学技术研究院,跨流域调水工程水量配置与调度耦合方法研究,期刊论文,"['游进军', '林鹏飞', '王静', '刘鼎', '罗琳']"
508,基于集合降雨预报和可变模糊集的洪水预报方法研究,薛志春,北京市水科学技术研究院,一种跨流域调水工程的配置调度方法及装置,专利,"['游进军', '贾玲', '林鹏飞', '薛志春']"
509,基于集合降雨预报和可变模糊集的洪水预报方法研究,薛志春,北京市水科学技术研究院,一种用于城市道路的分布式排水装置,专利,"['薛志春', '邸苏闯', '潘兴瑶', '刘洪禄', '李永坤', '张书函', '于磊', '卢亚静', '杨思敏', '赵飞', '张岑', '王丽晶', '周星', '孙冉']"
510,基于集合降雨预报和可变模糊集的洪水预报方法研究,薛志春,北京市水科学技术研究院,分布式堤防安全监测系统,专利,"['薛志春', '邸苏闯', '潘兴瑶', '刘洪禄', '李永坤', '张书函', '孙冉', '邱颖', '张岑', '卢亚静', '王丽晶', '赵飞']"
511,基于集合降雨预报和可变模糊集的洪水预报方法研究,薛志春,北京市水科学技术研究院,一种用于雨水箅子的防溢流装置,专利,"['薛志春', '邸苏闯', '潘兴瑶', '刘洪禄', '李永坤', '张岑', '邱颖', '于磊', '张书函', '周星', '张冠宇', '赵羲月']"
512,基于集合降雨预报和可变模糊集的洪水预报方法研究,薛志春,北京市水科学技术研究院,基于生态系统服务的水生态资产负债表研究,期刊论文,"['刘彬', '甘泓', '贾玲', '闫志宏']"
513,基于集合降雨预报和可变模糊集的洪水预报方法研究,薛志春,北京市水科学技术研究院,水库汛限水位实时动态控制方案优选研究,期刊论文,"['张艳平', '张双虎', '周惠成', '王海军']"
514,基于集合降雨预报和可变模糊集的洪水预报方法研究,薛志春,北京市水科学技术研究院,基于可变集理论的流域防洪风险评价,期刊论文,"['薛志春', '游进军', '蒋云钟']"
515,基于集合降雨预报和可变模糊集的洪水预报方法研究,薛志春,北京市水科学技术研究院,一种用于河道建筑物的鱼嘴型防洪装置,专利,"['薛志春', '邸苏闯', '潘兴瑶', '刘洪禄', '李永坤', '于磊', '邱颖', '杨思敏', '赵飞', '王丽晶', '卢亚静', '周星', '张岑', '张冠宇']"
518,准静态边界条件对输水系统水锤压力的影响研究,张健,河海大学,大水头变幅长引水系统水电站甩负荷导叶三段关闭规律,期刊论文,"['王晶', '陈胜', '李向菊', '杨森', '张健']"
521,准静态边界条件对输水系统水锤压力的影响研究,张健,河海大学,双滑道旋流式侧壁消能竖井,专利,"['王希晨', '张健', '俞晓东', '陈胜']"
522,准静态边界条件对输水系统水锤压力的影响研究,张健,河海大学,尾水主洞长度对抽水蓄能电站尾水管进口最小压力的影响,期刊论文,"['王靖雯', '张健', '蔡朝', '陈胜', '刘芸']"
523,准静态边界条件对输水系统水锤压力的影响研究,张健,河海大学,高水头抽水蓄能电站输水系统上平段末最小压力的影响因素研究,期刊论文,"['宫亚茹', '张健', '蔡朝', '杨森', '陈胜']"
525,准静态边界条件对输水系统水锤压力的影响研究,张健,河海大学,一种确定低扬程加压系统停泵事故泵后阀门关闭规律的方法,专利,"['陈胜', '张健', '范呈昱', '许听雨', '俞晓东', '张磊']"
526,准静态边界条件对输水系统水锤压力的影响研究,张健,河海大学,直流式竖井结构卷吸气量及管内气压的计算方法,专利,"['魏佳芳', '张健', '俞晓东', '陈胜']"
527,准静态边界条件对输水系统水锤压力的影响研究,张健,河海大学,含长连接管的调压室流量系数改进研究,期刊论文,"['徐敏杰', '陈胜', '蔡朝', '杨森', '胡超', '陈乾元']"
529,准静态边界条件对输水系统水锤压力的影响研究,张健,河海大学,一种确定低扬程输水系统停泵事故泵后阀门关闭规律的方法,专利,"['陈胜', '张健', '范呈昱', '许听雨', '俞晓东', '张磊']"
530,准静态边界条件对输水系统水锤压力的影响研究,张健,河海大学,可变速抽蓄机组运行转速对甩负荷过渡过程的影响,期刊论文,"['张文科', '张健', '俞晓东', '陈胜']"
532,准静态边界条件对输水系统水锤压力的影响研究,张健,河海大学,一种改变城市深隧滞留气团排出位置及时间的结构,专利,"['俞晓东', '营佳玮', '张健', '陈胜', '郑雪莲']"
534,准静态边界条件对输水系统水锤压力的影响研究,张健,河海大学,混合式抽水蓄能电站过渡过程研究,期刊论文,"['郑雪莲', '张健', '葛佩明', '常贵宾', '陈胜']"
535,准静态边界条件对输水系统水锤压力的影响研究,张健,河海大学,一种确定高扬程输水系统停泵事故泵后阀门关闭规律的方法,专利,"['范呈昱', '张健', '许听雨', '张磊', '俞晓东', '陈胜']"
536,准静态边界条件对输水系统水锤压力的影响研究,张健,河海大学,一种解决高扬程输水系统正压过大的阀门操作方法,专利,"['石林', '张健', '刘芳', '俞晓东', '王兴涛', '赵文龙']"
537,准静态边界条件对输水系统水锤压力的影响研究,张健,河海大学,设置尾水连通管的抽水蓄能电站引水发电系统小波动稳定分析,期刊论文,"['杨秀维', '俞晓东', '张磊', '张健']"
538,准静态边界条件对输水系统水锤压力的影响研究,张健,河海大学,一种岩塞爆破水气过渡过程水力特性的计算方法,专利,"['陈胜', '张健', '张小莹', '俞晓东', '王晶', '陈雪']"
542,准静态边界条件对输水系统水锤压力的影响研究,张健,河海大学,水泵水轮机反S特性对甩负荷过程压强的影响,期刊论文,"['陈龙', '俞晓东', '李高会', '章梦捷', '陈胜', '张健']"
544,准静态边界条件对输水系统水锤压力的影响研究,张健,河海大学,考虑长引水隧洞摩阻的水锤解析法,期刊论文,"['张健', '杨森', '俞晓东', '陈胜']"
548,准静态边界条件对输水系统水锤压力的影响研究,张健,河海大学,大进气条件下真空破坏阀的模型计算方法,专利,"['张健', '张小莹', '范呈昱', '俞晓东', '陈胜', '陈旭云', '倪尉翔']"
549,准静态边界条件对输水系统水锤压力的影响研究,张健,河海大学,机组导叶关闭规律对相继甩工况的影响,期刊论文,"['储善鹏', '张健', '陈胜', '俞晓东']"
551,准静态边界条件对输水系统水锤压力的影响研究,张健,河海大学,消能箱,专利,"['刘芳', '俞晓东', '张健', '陈胜', '倪尉祥', '蒋捷']"
553,准静态边界条件对输水系统水锤压力的影响研究,张健,河海大学,一种基于曲柄连杆传力的竖井消能及储能装置,专利,"['俞晓东', '杨秀维', '张健', '陈胜', '汤盼鑫']"
555,准静态边界条件对输水系统水锤压力的影响研究,张健,河海大学,降低吸入气体量的直流式跌水结构,专利,"['魏佳芳', '张健', '俞晓东', '陈胜']"
556,准静态边界条件对输水系统水锤压力的影响研究,张健,河海大学,用于缓解深隧滞留气团排出的管道与入流竖井衔接结构,专利,"['营佳玮', '俞晓东', '张健', '陈胜', '许听雨']"
557,准静态边界条件对输水系统水锤压力的影响研究,张健,河海大学,基于同伦函数的水电站小波动特征值研究,期刊论文,"['俞晓东', '杨秀维', '张健']"
559,准静态边界条件对输水系统水锤压力的影响研究,张健,河海大学,气垫式水下岩塞爆破过渡过程水力特性研究,期刊论文,"['陈胜', '徐敏杰', '孙金辉', '张健']"
560,准静态边界条件对输水系统水锤压力的影响研究,张健,河海大学,考虑接力器特性的导叶关闭规律,期刊论文,"['徐敏杰', '陈胜', '杨森', '张健', '王晶']"
561,梯形琴键堰泄流能力影响因素及其敏感性研究,胡晗,长江水利委员会长江科学院,窄缝消能工冲击波及水翅特性研究,期刊论文,"['胡晗', '杨伟', '黄国兵', '侯冬梅', '杜兰']"
563,梯形琴键堰泄流能力影响因素及其敏感性研究,胡晗,长江水利委员会长江科学院,分散式挑流消能工冲坑深度的预测方法,专利,['胡晗']
564,梯形琴键堰泄流能力影响因素及其敏感性研究,胡晗,长江水利委员会长江科学院,琴键堰水力特性数值模拟,期刊论文,"['胡晗', '杨伟', '侯冬梅']"
565,中国水库大坝风险后果分析模型研究,李宗坤,郑州大学,前坪水库安全风险与成本风险协同控制技术,奖励,"['张兆省', '李宗坤', '皇甫泽华', '葛巍', '林军亮', '郭新燕', '田毅博', '佟壮壮', '杜慧娟', '吴溪', '姬艳婷', '宗克强', '张赛', '陈彩虹', '郭慧娟']"
567,中国水库大坝风险后果分析模型研究,李宗坤,郑州大学,基于集对分析-可变模糊集耦合方法的溃坝环境影响评价,期刊论文,"['李宗坤', '李巍', '葛巍', '徐宏殷']"
568,中国水库大坝风险后果分析模型研究,李宗坤,郑州大学,改进的集对分析法在溃坝社会影响评价中的应用,期刊论文,"['葛巍', '李宗坤', '李娟娟', '张青玉']"
570,中国水库大坝风险后果分析模型研究,李宗坤,郑州大学,基于模糊集理论的土石坝开裂破坏风险分析,期刊论文,"['李宗坤', '宋子元', '葛巍', '王特', '张兆省']"
571,中国水库大坝风险后果分析模型研究,李宗坤,郑州大学,基于广义集对分析法的溃坝环境影响评价,期刊论文,"['李宗坤', '李娟娟', '葛巍', '李巍']"
572,中国水库大坝风险后果分析模型研究,李宗坤,郑州大学,一种便捷的堤坝临水侧渗漏定位装置,专利,"['李宗坤', '莫向明', '施雯珂', '葛巍', '张亚东']"
573,中国水库大坝风险后果分析模型研究,李宗坤,郑州大学,基于未确知集对联系数法的溃坝社会影响评价,期刊论文,"['李宗坤', '姬艳婷', '张兆省', '葛巍']"
574,中国水库大坝风险后果分析模型研究,李宗坤,郑州大学,一种水利工程水闸结构,专利,"['葛巍', '李宗坤', '张兆省', '皇甫泽华', '程荣川']"
576,中国水库大坝风险后果分析模型研究,李宗坤,郑州大学,溃坝风险后果研究现状与发展趋势,期刊论文,"['葛巍', '焦余铁', '李宗坤', '张兆省', '郭新燕']"
577,中国水库大坝风险后果分析模型研究,李宗坤,郑州大学,土石坝施工期安全风险—成本风险综合评价,期刊论文,"['李宗坤', '宗克强', '张兆省', '皇甫泽华']"
578,中国水库大坝风险后果分析模型研究,李宗坤,郑州大学,基于改进可变模糊集法的溃坝生命损失评价及其应用,期刊论文,"['李巍', '李宗坤', '葛巍', '郭新燕']"
584,基于数字孪生的复杂产品生命周期能效评估理论与优化方法,左颖,北京航空航天大学,一种基于自更新模型的流程型生产设备产品质量预测方法,专利,"['左颖', '柯超凡', '张萌', '陶飞']"
585,基于数字孪生的复杂产品生命周期能效评估理论与优化方法,左颖,北京航空航天大学,一种数字孪生驱动的数控机床刀具监控系统,专利,"['陶飞', '汪轶群', '王雨澄', '左颖', '邹孝付']"
588,基于数字孪生的复杂产品生命周期能效评估理论与优化方法,左颖,北京航空航天大学,一种数字孪生系统复杂任务可配置高效求解方法和系统,专利,"['陶飞', '邹孝付', '左颖']"
590,基于数字孪生的复杂产品生命周期能效评估理论与优化方法,左颖,北京航空航天大学,一种数字孪生驱动的复杂装备故障预测方法,专利,"['陶飞', '王雨澄', '左颖', '黄巍']"
591,基于数字孪生的复杂产品生命周期能效评估理论与优化方法,左颖,北京航空航天大学,一种数字孪生驱动的热压罐管控系统,专利,"['陶飞', '王雨澄', '左颖']"
592,基于数字孪生的复杂产品生命周期能效评估理论与优化方法,左颖,北京航空航天大学,基于改进类电磁机制算法的绿色柔性作业车间调度方法,专利,"['左颖', '曲明昊', '陶飞']"
593,基于数字孪生的复杂产品生命周期能效评估理论与优化方法,左颖,北京航空航天大学,一种适于制造过程规划的智能优化算法推荐方法,专利,"['左颖', '任天翔', '王钰淇', '乔运华', '孙嘉玉', '邹孝付', '陶飞']"
595,基于数字孪生的复杂产品生命周期能效评估理论与优化方法,左颖,北京航空航天大学,面向复杂数控装备的监测评估关键技术及标准体系,奖励,"['陶飞', '黄祖广', '于东', '胡天亮', '赵钦志', '邹孝付', '左颖', '李建双', '杨堂勇', '郑小年']"
597,基于数字孪生的复杂产品生命周期能效评估理论与优化方法,左颖,北京航空航天大学,一种基于数字孪生的车间调度方法,专利,"['陶飞', '张萌', '左颖']"
599,基于数字孪生的复杂产品生命周期能效评估理论与优化方法,左颖,北京航空航天大学,面向工业互联网的制造服务协作等级协议轻量级框架研究,期刊论文,"['蔡金莹', '向峰', '左颖', '钟雷', '周平']"
600,基于数字孪生的复杂产品生命周期能效评估理论与优化方法,左颖,北京航空航天大学,一种基于机器视觉的数字孪生模型修正方法与系统,专利,"['刘蔚然', '陶飞', '程江峰', '左颖']"
605,稀疏设计空间压缩原理与演进式设计智能创成方法研究,田凌,清华大学,基于图数据库的机械产品数字孪生模型分层建模方法,专利,"['田凌', '郑孟蕾', '代菁洲', '刘思超']"
606,稀疏设计空间压缩原理与演进式设计智能创成方法研究,田凌,清华大学,一种基于接触加热的弯曲钞票展平装置,专利,"['田凌', '陈俊宇', '张承巍', '刘果']"
609,稀疏设计空间压缩原理与演进式设计智能创成方法研究,田凌,清华大学,一种基于红外加热的弯曲钞票展平装置,专利,"['田凌', '刘果', '张承巍', '陈俊宇']"
610,稀疏设计空间压缩原理与演进式设计智能创成方法研究,田凌,清华大学,面向模型重用的仿真云服务平台设计与实现,期刊论文,"['赵继丛', '黄利平', '陈俊宇', '田凌']"
611,稀疏设计空间压缩原理与演进式设计智能创成方法研究,田凌,清华大学,基于知识工程的船体焊接工艺研究,期刊论文,"['马国辉', '田凌', '刘思超', '陈俊宇']"
612,真空—堆载联合预压下塑料排水板地基的侧向变形机理与预测方法研究,徐方,中南大学,一种用于路基监测的沉降板,专利,"['聂如松', '冷伍明', '程龙虎', '董俊利', '魏广帅', '杨奇', '徐方', '梅慧浩', '赵春彦', '杜市委']"
614,真空—堆载联合预压下塑料排水板地基的侧向变形机理与预测方法研究,徐方,中南大学,新型预应力路基水平附加应力计算的图表法,期刊论文,"['艾希', '冷伍明', '徐方', '张期树', '翟斌']"
615,真空—堆载联合预压下塑料排水板地基的侧向变形机理与预测方法研究,徐方,中南大学,砂井径向排水的不均匀固结效应及简易量化方法,期刊论文,"['周洋', '王鹏', '徐方']"
619,真空—堆载联合预压下塑料排水板地基的侧向变形机理与预测方法研究,徐方,中南大学,深厚软土区超长桩基压缩变形测试及分析,期刊论文,"['冷伍明', '陈琛', '徐方', '杨奇', '聂如松']"
622,真空—堆载联合预压下塑料排水板地基的侧向变形机理与预测方法研究,徐方,中南大学,一种路基沉降监测装置,专利,"['聂如松', '董俊利', '魏广帅', '冷伍明', '程龙虎', '杨奇', '徐方', '梅慧浩', '赵春彦', '杜市委']"
623,真空—堆载联合预压下塑料排水板地基的侧向变形机理与预测方法研究,徐方,中南大学,新型预应力路基坡面法向附加应力扩散规律分析,期刊论文,"['冷伍明', '张期树', '徐方', '聂如松', '杨奇', '艾希']"
624,真空—堆载联合预压下塑料排水板地基的侧向变形机理与预测方法研究,徐方,中南大学,一种真空-堆载联合预压下塑料排水板地基的模型试验装置,专利,"['徐方', '韩諝', '冷伍明', '聂如松', '杨奇']"
627,真空—堆载联合预压下塑料排水板地基的侧向变形机理与预测方法研究,徐方,中南大学,预应力路堤附加围压场与围压增强效应,期刊论文,"['冷伍明', '张期树', '徐方', '冷慧康', '聂如松', '杨秀航']"
628,稻田水氮耦合尺度效应及其机理,刘路广,湖北省水利水电科学研究院,湖北省晚稻灌溉定额计算参数与修订方法研究,期刊论文,"['刘路广', '潘少斌', '吴瑕', '陈绪勋', '王丽红']"
629,稻田水氮耦合尺度效应及其机理,刘路广,湖北省水利水电科学研究院,湖北省中稻灌溉定额修订研究,期刊论文,"['潘少斌', '刘路广', '吴慧蓉', '崔远来', '陈绪勋', '张建涛', '杨小伟']"
630,稻田水氮耦合尺度效应及其机理,刘路广,湖北省水利水电科学研究院,虾稻共作灌溉定额计算方法,专利,"['刘路广', '吴瑕', '关洪林', '潘少斌', '杨小伟', '董苇', '张建涛', '陈绪勋']"
631,稻田水氮耦合尺度效应及其机理,刘路广,湖北省水利水电科学研究院,湖北省早稻灌溉定额修订方法研究,期刊论文,"['潘少斌', '刘路广', '吴瑕', '张建涛', '陈绪勋', '董苇', '杨小伟']"
632,稻田水氮耦合尺度效应及其机理,刘路广,湖北省水利水电科学研究院,不同水肥综合调控模式下水稻生长特征_水肥利用率及氮磷流失规律,期刊论文,"['刘路广', '陈扬', '吴瑕', '余乾安', '潘少斌', '杨小伟', '王敬', '王丽红']"
633,稻田水氮耦合尺度效应及其机理,刘路广,湖北省水利水电科学研究院,湖北省农田水利工程运行维护监管现状及问题对策研究,期刊论文,"['潘少斌', '吴瑕', '李苏梨', '李丽', '刘正军', '熊伟', '杨小伟', '刘路广']"
634,稻田水氮耦合尺度效应及其机理,刘路广,湖北省水利水电科学研究院,基于ORYZA_V型的水稻水肥综合调控模式研究,期刊论文,"['余乾安', '李亚龙', '刘路广', '崔远来', '陈扬', '韩焕豪']"
635,稻田水氮耦合尺度效应及其机理,刘路广,湖北省水利水电科学研究院,基于田间管理措施的水稻节水潜力研究,奖励,"['刘路广', '吴瑕', '关洪林', '崔远来', '潘少斌', '董苇', '杨小伟', '张建涛', '陈绪勋', '刘军武']"
636,稻田水氮耦合尺度效应及其机理,刘路广,湖北省水利水电科学研究院,水稻作物系数计算方法以及水稻灌溉系统,专利,"['刘路广', '吴瑕', '关洪林', '崔远来', '潘少斌', '杨小伟', '王剑', '焦平金', '董苇', '张建涛', '陈绪勋']"
637,稻田水氮耦合尺度效应及其机理,刘路广,湖北省水利水电科学研究院,举水干流水功能区纳污能力计算研究,期刊论文,"['喻婷', '陈晓群', '苗滕']"
638,高拱坝施工缆机安全运行路径实时规划与智能调控,胡超,三峡大学,一种用于缆机吊罐入仓过程中的吊罐防摆装置和方法,专利,"['宋玲', '鄢璞', '胡超', '邓世恒']"
639,高拱坝施工缆机安全运行路径实时规划与智能调控,胡超,三峡大学,一种混凝土坝缆机入仓轨迹规划与控制方法,专利,"['胡超', '陈廷才', '周宜红']"
640,高拱坝施工缆机安全运行路径实时规划与智能调控,胡超,三峡大学,一种基于多维信息模型的土料场开采规划方法,专利,"['胡超', '王忠耀', '周宜红', '喻葭临', '杨泽艳', '陈媛媛']"
641,高拱坝施工缆机安全运行路径实时规划与智能调控,胡超,三峡大学,一种组合定位缆机运行监测系统,专利,"['贺俊', '周宜红', '赵春菊', '胡超']"
642,高拱坝施工缆机安全运行路径实时规划与智能调控,胡超,三峡大学,一种复杂形态土料场开挖量计算方法,专利,"['胡超', '陈媛媛', '陈廷才', '徐盛']"
643,高拱坝施工缆机安全运行路径实时规划与智能调控,胡超,三峡大学,一种土石坝填筑料移动补水装置及方法,专利,"['胡超', '陈媛媛', '杨泽艳', '喻葭临', '王忠耀']"
645,高拱坝施工缆机安全运行路径实时规划与智能调控,胡超,三峡大学,混凝土拱坝缆机运行轨迹线规划方法,专利,"['胡超', '陈廷才', '周宜红']"
646,高拱坝施工缆机安全运行路径实时规划与智能调控,胡超,三峡大学,一种安全高效的缆机吊罐稳罐装置,专利,"['鄢璞', '宋玲', '胡超', '潘志国']"
647,高拱坝施工缆机安全运行路径实时规划与智能调控,胡超,三峡大学,高拱坝仓面施工时空冲突分析与调整方法研究,期刊论文,"['胡超', '赵春菊', '周宜红', '宋玲']"
648,高拱坝施工缆机安全运行路径实时规划与智能调控,胡超,三峡大学,基于GPS-UWB组合定位技术的缆机施工防碰研究,期刊论文,"['贺俊', '赵春菊', '周宜红', '胡超']"
649,高拱坝施工缆机安全运行路径实时规划与智能调控,胡超,三峡大学,一种大体积混凝土浇筑预防冷缝的施工控制方法,专利,"['胡超', '陈媛媛']"
650,高拱坝施工缆机安全运行路径实时规划与智能调控,胡超,三峡大学,一种混凝土高压冲毛机械及施工方法,专利,"['周宜红', '贺俊', '胡超', '赵春菊']"
651,高拱坝施工缆机安全运行路径实时规划与智能调控,胡超,三峡大学,基于高拱坝坝体生长特征的缆机调度仿真研究,期刊论文,"['杨忠加', '周宜红', '胡超', '贺俊']"
652,高拱坝施工缆机安全运行路径实时规划与智能调控,胡超,三峡大学,一种组合定位缆机运行监测系统和缆机防碰调控方法,专利,"['贺俊', '周宜红', '赵春菊', '胡超']"
653,高拱坝施工缆机安全运行路径实时规划与智能调控,胡超,三峡大学,一种大风影响下缆机吊罐摆动的风洞试验研究装置,专利,"['贺俊', '胡超', '赵春菊', '周宜红']"
654,高拱坝施工缆机安全运行路径实时规划与智能调控,胡超,三峡大学,建筑保温被收铺机,专利,"['胡超', '贺俊', '周宜红', '王忠耀']"
657,高拱坝施工缆机安全运行路径实时规划与智能调控,胡超,三峡大学,边坡开挖数字化施工与质量控制方法,专利,"['胡超', '周宜红', '潘志国']"
658,高拱坝施工缆机安全运行路径实时规划与智能调控,胡超,三峡大学,一种大风影响下缆机吊罐摆动的风洞试验研究装置及方法,专利,"['贺俊', '胡超', '赵春菊', '周宜红']"
661,纳米水铁矿在土壤中的稳定性及其与砷的协同迁移机制,霍丽娟,太原科技大学,~(Se与黄铁矿反应路径模拟研究,期刊论文,"['刘宏芳', '张静慧', '钱天伟', '丁庆伟', '连夏雨', '马骏', '霍丽娟']"
662,纳米水铁矿在土壤中的稳定性及其与砷的协同迁移机制,霍丽娟,太原科技大学,线和线水铁矿对水中砷的吸附解吸行为研究,期刊论文,"['霍丽娟', '赵慧超', '王美玲', '杨改强', '刘宏芳']"
664,纳米水铁矿在土壤中的稳定性及其与砷的协同迁移机制,霍丽娟,太原科技大学,改性纳米零价铁去除水中Se(Ⅵ)的机理,期刊论文,"['刘宏芳', '刘润龙', '王瑞', '马骏', '霍丽娟']"
666,纳米水铁矿在土壤中的稳定性及其与砷的协同迁移机制,霍丽娟,太原科技大学,不同组成有机质对土壤中砷迁移行为的影响,期刊论文,"['霍丽娟', '王美玲', '赵慧超', '杨改强', '吉莉', '丁庆伟', '王婷']"
667,纳米水铁矿在土壤中的稳定性及其与砷的协同迁移机制,霍丽娟,太原科技大学,基于CiteSpace的农业领域水-能-粮纽带研究进展,期刊论文,"['杨改强', '夏爽', '霍丽娟', '张冬香', '丁丽瑞', '赵俊楠']"
668,纳米水铁矿在土壤中的稳定性及其与砷的协同迁移机制,霍丽娟,太原科技大学,试管清洗装置,专利,"['刘晓娜', '杨改强', '霍丽娟', '王婷']"
669,纳米水铁矿在土壤中的稳定性及其与砷的协同迁移机制,霍丽娟,太原科技大学,基于XPS对硫铁矿去除SeO_()的机理研究,期刊论文,"['刘宏芳', '王瑞', '连夏雨', '霍丽娟', '马骏']"
670,带温大塑性变形制备超细/纳米晶双相不锈钢及其在深海环境下的冲刷腐蚀特性研究,张留艳,广东工业大学,一种C溶液淬火冷却介质及其制备方法,专利,"['黎颖', '揭晓华', '张留艳', '麦永津', '张艳梅']"
671,带温大塑性变形制备超细/纳米晶双相不锈钢及其在深海环境下的冲刷腐蚀特性研究,张留艳,广东工业大学,一种钢筋表面纳米化复合涂层及其制备方法与应用,专利,"['黎颖', '张留艳', '揭晓华', '麦永津']"
672,带温大塑性变形制备超细/纳米晶双相不锈钢及其在深海环境下的冲刷腐蚀特性研究,张留艳,广东工业大学,超声喷丸对钢基体表面发黑膜耐蚀性的影响,期刊论文,"['吴桐', '张留艳', '蒋俊杰', '刁铮亮', '李浩博', '黎颖']"
673,带温大塑性变形制备超细/纳米晶双相不锈钢及其在深海环境下的冲刷腐蚀特性研究,张留艳,广东工业大学,一种中碳钢表面微纳米多尺度结构的制备方法,专利,"['罗松', '揭晓华', '麦永津', '张留艳', '郑琼彬', '张艳梅']"
676,带温大塑性变形制备超细/纳米晶双相不锈钢及其在深海环境下的冲刷腐蚀特性研究,张留艳,广东工业大学,一种耐海水冲刷腐蚀双相不锈钢的制备方法,专利,"['张留艳', '揭晓华', '郑琼彬', '黄晓晔', '麦永津']"
681,带温大塑性变形制备超细/纳米晶双相不锈钢及其在深海环境下的冲刷腐蚀特性研究,张留艳,广东工业大学,一种碳钢表面处理方法,专利,"['吴桐', '刁铮亮', '蒋俊杰', '黎颖', '张留艳']"
683,基于潮汐发电贯流式水轮机水动力特性的过鱼伤害机理研究,杨春霞,河海大学,一种全贯流式水轮机扭矩测量装置及方法,专利,"['杨春霞', '侯舢舢', '赵梦晌', '姚婷婷', '陈会向']"
689,基于潮汐发电贯流式水轮机水动力特性的过鱼伤害机理研究,杨春霞,河海大学,鱼类友好型水轮机设计研究综述,期刊论文,"['杨春霞', '郑源', '张玉全', '罗红英']"
690,基于潮汐发电贯流式水轮机水动力特性的过鱼伤害机理研究,杨春霞,河海大学,桨叶调节对轴流式水轮机甩负荷特性影响研究,期刊论文,"['陈会向', '周大庆', '郑源', '杨春霞']"
691,基于潮汐发电贯流式水轮机水动力特性的过鱼伤害机理研究,杨春霞,河海大学,一种带有渐密孔的凸型导板水车增能装置,专利,"['杨春霞', '张振', '胡岩', '赵梦晌', '丁艳', '刘惠文']"
698,具有加性时变时滞和马尔科夫跳跃的中立型动力系统的稳定与控制,熊良林,云南民族大学,具有加性时变时滞神经网络的稳定性分析,期刊论文,"['李蓉', '张海洋', '王延萌', '吴涛', '熊良林']"
699,具有加性时变时滞和马尔科夫跳跃的中立型动力系统的稳定与控制,熊良林,云南民族大学,消声器筒体的旋转翻边装置,专利,"['蒋玲', '徐琬婷', '张超', '余红英', '熊良林', '王子阳', '吴伟越', '肖志玉']"
703,具有加性时变时滞和马尔科夫跳跃的中立型动力系统的稳定与控制,熊良林,云南民族大学,一种改进的中立型时滞系统稳定性,期刊论文,"['彭晨', '熊良林', '吴涛']"
707,具有加性时变时滞和马尔科夫跳跃的中立型动力系统的稳定与控制,熊良林,云南民族大学,中立型四元数神经网络的稳定性分析,期刊论文,"['树金龙', '熊良林', '吴涛', '郑英丽']"
711,具有加性时变时滞和马尔科夫跳跃的中立型动力系统的稳定与控制,熊良林,云南民族大学,二阶凸优化不等式及加性时变时滞系统的稳定性研究,期刊论文,"['蒋玲', '熊良林', '树金龙']"
712,具有加性时变时滞和马尔科夫跳跃的中立型动力系统的稳定与控制,熊良林,云南民族大学,不等式及时滞系统的镇定性研究,专著,"['熊良林', '张海洋', '吴涛', '邱洁']"
717,具有加性时变时滞和马尔科夫跳跃的中立型动力系统的稳定与控制,熊良林,云南民族大学,Improved stability condition for systems with discrete distributed delay,会议论文,"['熊良林', '吴涛']"
719,具有加性时变时滞和马尔科夫跳跃的中立型动力系统的稳定与控制,熊良林,云南民族大学,广义Pythagorean模糊软集及其在医疗诊断中的应用,期刊论文,"['加华多杰', '张海东', '熊良林', '贺艳平']"
724,具有加性时变时滞和马尔科夫跳跃的中立型动力系统的稳定与控制,熊良林,云南民族大学,用于汽车消声器的一体式旋转操作装置,专利,"['蒋玲', '张超', '贾冕茜', '邓延安', '熊良林', '张华峰', '王俊佳', '何乐乐']"
725,具有加性时变时滞和马尔科夫跳跃的中立型动力系统的稳定与控制,熊良林,云南民族大学,New stabilization criteria for neutral time-delay systems via novel inequality,会议论文,"['吴涛', '熊良林', '树金龙']"
728,具有加性时变时滞和马尔科夫跳跃的中立型动力系统的稳定与控制,熊良林,云南民族大学,新的Jensen类二重积分不等式的改进,期刊论文,"['张海洋', '邱志鹏', '熊良林']"
729,水工混凝土早龄期热膨胀系数的多尺度预测模型,曹秀丽,浙江水利水电学院,一种混凝土早龄期热膨胀系数多尺度模型的预测方法,专利,"['曹秀丽', '叶罡', '李强', '李蓓', '孙平平']"
730,水工混凝土早龄期热膨胀系数的多尺度预测模型,曹秀丽,浙江水利水电学院,一种硬化水泥砂浆热膨胀系数的多尺度预测方法,专利,"['曹秀丽', '高健', '杜文学', '吴倩', '赵梦雅', '张优格', '胡丽晓', '黄诗如']"
731,水工混凝土早龄期热膨胀系数的多尺度预测模型,曹秀丽,浙江水利水电学院,一种硬化混凝土热膨胀系数的多尺度预测方法,专利,"['曹秀丽', '叶罡', '高健', '杜文学', '陈敏志']"
735,降雨诱发土质滑坡大变形破坏机制分析与致灾范围预测,王斌,中国科学院武汉岩土力学研究所,一种基于径向基点插值法求解渗流自由面的优化算法,专利,"['王斌', '李建国', '周傲']"
736,降雨诱发土质滑坡大变形破坏机制分析与致灾范围预测,王斌,中国科学院武汉岩土力学研究所,一种剑桥自钻式旁压仪钻头钻进速度测量装置,专利,"['王斌', '周傲', '李建国']"
738,新型免疫刺激剂的设计、合成及免疫评价,李艳梅,清华大学,新型疫苗佐剂及其在新冠肺炎疫苗和其他疫苗中的应用,专利,"['李艳梅', '吴军军', '张伯斗', '胡洪果', '李文浩', '赵朗', '陈永湘']"
746,新型免疫刺激剂的设计、合成及免疫评价,李艳梅,清华大学,新型冠状病毒疫苗设计原理与研究进展,期刊论文,"['李文浩', '李艳梅']"
752,不确定条件下半湿润偏旱灌区多目标水资源优化配置模型和应用研究,杨改强,太原科技大学,一种用于集体宿舍的污水分类过滤再利用装置,专利,"['杜雅楠', '杨改强', '罗煜清', '靳浩堂']"
755,不确定条件下半湿润偏旱灌区多目标水资源优化配置模型和应用研究,杨改强,太原科技大学,线和线水铁矿对水中砷的吸附解吸行为研究,期刊论文,"['霍丽娟', '赵慧超', '王美玲', '杨改强', '刘宏芳']"
756,不确定条件下半湿润偏旱灌区多目标水资源优化配置模型和应用研究,杨改强,太原科技大学,土壤饱和导水率测定装置,专利,"['霍丽娟', '杨改强', '王婷', '李一菲']"
758,不确定条件下半湿润偏旱灌区多目标水资源优化配置模型和应用研究,杨改强,太原科技大学,基于用水满意度的水资源优化配置模型研究,期刊论文,"['杨改强', '刘可欣', '刘琪', '陕红']"
761,不确定条件下半湿润偏旱灌区多目标水资源优化配置模型和应用研究,杨改强,太原科技大学,山西省农业水资源与经济发展响应关系评价,期刊论文,"['霍丽娟', '丁丽瑞', '胡健', '杨改强']"
762,不确定条件下半湿润偏旱灌区多目标水资源优化配置模型和应用研究,杨改强,太原科技大学,试管清洗装置,专利,"['刘晓娜', '杨改强', '霍丽娟', '王婷']"
763,不确定条件下半湿润偏旱灌区多目标水资源优化配置模型和应用研究,杨改强,太原科技大学,基于CiteSpace的农业WEF纽带研究进展,期刊论文,"['杨改强', '夏爽', '霍丽娟', '张冬香', '丁丽瑞', '赵俊楠']"
764,不确定条件下半湿润偏旱灌区多目标水资源优化配置模型和应用研究,杨改强,太原科技大学,一种新型暗盒修复支架,专利,"['杨改强', '霍丽娟', '王婷', '刘晓娜']"
765,基于分形理论的三维岩体裂隙网络非线性渗流机理研究,刘日成,中国矿业大学,不同侧压力系数下裂隙网络岩体非线性渗流特性,期刊论文,"['尹乾', '靖洪文', '刘日成', '苏海健', '蔚立元', '王迎超']"
766,基于分形理论的三维岩体裂隙网络非线性渗流机理研究,刘日成,中国矿业大学,岩体裂隙网络渗透系数方向性测试及可视化系统,专利,"['刘日成', '蔚立元', '靖洪文', '李光雷', '谢凯']"
769,基于分形理论的三维岩体裂隙网络非线性渗流机理研究,刘日成,中国矿业大学,一种用于三维裂隙岩样的水-力耦合加载装置及加载方法,专利,"['刘日成', '蔚立元', '张晶', '张站群']"
777,基于分形理论的三维岩体裂隙网络非线性渗流机理研究,刘日成,中国矿业大学,"复杂裂隙岩体线性及非线性渗流行为的试验和数值模拟研究,青年人才托举工程",奖励,['刘日成']
778,基于分形理论的三维岩体裂隙网络非线性渗流机理研究,刘日成,中国矿业大学,一种裂隙网络剪切-两相流试验装置及试验方法,专利,"['刘日成', '蔚立元', '靖洪文', '尹乾', '韩观胜', '李博']"
786,基于分形理论的三维岩体裂隙网络非线性渗流机理研究,刘日成,中国矿业大学,岩体裂隙网络渗流各向异性测试及可视化系统,专利,"['刘日成', '靖洪文', '张晶', '蔚立元', '苏海健']"
789,基于分形理论的三维岩体裂隙网络非线性渗流机理研究,刘日成,中国矿业大学,"裂隙岩体剪切渗流特性研究,青年科技奖(金奖)",奖励,['刘日成']
797,基于分形理论的三维岩体裂隙网络非线性渗流机理研究,刘日成,中国矿业大学,一种用于裂隙网络剪切渗流试验装置及其试验方法,专利,"['刘日成', '尹乾', '靖洪文', '蔚立元', '韩观胜', '蒋宇静']"
800,基于分形理论的三维岩体裂隙网络非线性渗流机理研究,刘日成,中国矿业大学,一种含天然三维裂隙类岩石试样的制作方法,专利,"['刘日成', '靖洪文', '蔚立元', '何明']"
801,基于分形理论的三维岩体裂隙网络非线性渗流机理研究,刘日成,中国矿业大学,一种用于冲击试验的实时化学腐蚀装置及方法,专利,"['蔚立元', '张涛', '孟庆彬', '刘日成', '苏海健', '尹乾', '吴疆宇']"
804,基于函数型数据分析的鄱阳湖水资源短缺动态综合评价模型研究,闫峰,南昌大学,沉积物重金属的随机生态风险评价模型,期刊论文,"['闫峰', '王雨潇', '袁志颖', '李世曙', '康青', '朱语欣']"
807,基于函数型数据分析的鄱阳湖水资源短缺动态综合评价模型研究,闫峰,南昌大学,基于健康风险的致癌重金属灰水足迹研究,期刊论文,"['陈云鹏', '赵丽子', '闫峰']"
810,基于函数型数据分析的鄱阳湖水资源短缺动态综合评价模型研究,闫峰,南昌大学,基于健康风险的改进CCME WQI模型及其应用,期刊论文,"['闫峰', '康青', '王雨潇', '朱语欣', '李世曙']"
812,基于函数型数据分析的鄱阳湖水资源短缺动态综合评价模型研究,闫峰,南昌大学,一种声波地下管道探测装置,专利,"['闫峰', '宋凡超', '杨振', '李佳豪', '任大睿']"
813,基于函数型数据分析的鄱阳湖水资源短缺动态综合评价模型研究,闫峰,南昌大学,基于地累积向量模型的湖泊沉积物重金属污染评价,期刊论文,"['闫峰', '张兴磊', '唐贝', '林长清']"
815,基于函数型数据分析的鄱阳湖水资源短缺动态综合评价模型研究,闫峰,南昌大学,基于理化-生物指标与CCMEWQI模型的水质综合评价,期刊论文,"['闫峰', '唐贝', '丁利', '盛财九', '肖程之', '张兴磊']"
816,基于函数型数据分析的鄱阳湖水资源短缺动态综合评价模型研究,闫峰,南昌大学,基于健康风险的改进内梅罗指数模型,期刊论文,"['汪继力', '李昕禹', '闫峰']"
818,基于函数型数据分析的鄱阳湖水资源短缺动态综合评价模型研究,闫峰,南昌大学,基于灰关联分析的改进地累积指数模型,期刊论文,"['冯辉', '汪继力', '李世曙', '闫峰']"
819,基于函数型数据分析的鄱阳湖水资源短缺动态综合评价模型研究,闫峰,南昌大学,熵权法在地下水环境质量评价中的局限性,期刊论文,"['闫峰', '张兴磊', '唐贝', '肖程之']"
820,基于函数型数据分析的鄱阳湖水资源短缺动态综合评价模型研究,闫峰,南昌大学,基于模糊可变集合理论的改进型加拿大水质指数评价方法及应用,期刊论文,"['马惠群', '肖燕', '闫峰']"
823,基于函数型数据分析的鄱阳湖水资源短缺动态综合评价模型研究,闫峰,南昌大学,基于不确定分析的改进灰水足迹模型及应用,期刊论文,"['闫峰', '朱语欣', '李世曙', '康青', '王雨潇']"
825,基于函数型数据分析的鄱阳湖水资源短缺动态综合评价模型研究,闫峰,南昌大学,一种小便池新型节水装置,专利,"['闫峰', '宋凡超', '吴诗琪', '杨雨欣', '王昕', '周修龙']"
826,弱刚度工件的多机械臂协调加工方法研究,陆国栋,浙江大学,一种基于四阶矩估计的工业机器人可靠性计算方法,专利,"['王进', '王伟', '陆国栋']"
829,弱刚度工件的多机械臂协调加工方法研究,陆国栋,浙江大学,基于双机械臂协作打磨系统的动力学模型设计方法,专利,"['翟安邦', '王进', '陆国栋', '戚仁杰', '张海运', '杨鹏程']"
833,弱刚度工件的多机械臂协调加工方法研究,陆国栋,浙江大学,一种液体晃动模型参考自适应抑制运动控制方法,专利,"['王进', '杨鹏程', '张海运', '翟安邦', '戚仁杰', '陆国栋']"
834,弱刚度工件的多机械臂协调加工方法研究,陆国栋,浙江大学,一种基于速度重配的协调机械臂多约束加工优化方法,专利,"['王进', '翟安邦', '张海运', '陆国栋', '杨鹏程', '戚仁杰']"
835,弱刚度工件的多机械臂协调加工方法研究,陆国栋,浙江大学,一种基于神经网络的机器人动力学参数辨识方法,专利,"['泮求亮', '林旭军', '王进', '陆国栋']"
836,弱刚度工件的多机械臂协调加工方法研究,陆国栋,浙江大学,基于四阶矩估计的机器人运动可靠性分析,期刊论文,"['王伟', '王进', '陆国栋']"
837,弱刚度工件的多机械臂协调加工方法研究,陆国栋,浙江大学,一种角度可调的多自由度抛光机打磨头机构,专利,"['王进', '翟安邦', '李昊天', '陆国栋']"
838,弱刚度工件的多机械臂协调加工方法研究,陆国栋,浙江大学,不确定混沌系统间接自适应模糊最优同步控制器设计方法,专利,"['张海运', '王进', '孟德远', '翟安邦', '杨鹏程', '戚仁杰', '陆国栋']"
839,弱刚度工件的多机械臂协调加工方法研究,陆国栋,浙江大学,一种基于关节能耗评估的机器人工作单元布局优化方法,专利,"['方健', '王进', '泮求亮', '扶建辉', '陆国栋']"
840,弱刚度工件的多机械臂协调加工方法研究,陆国栋,浙江大学,一种岛中含湖型截面的环切刀轨连接方法,专利,"['何雪军', '王进', '陆国栋', '陈立', '金晶']"
842,弱刚度工件的多机械臂协调加工方法研究,陆国栋,浙江大学,一种协调机械臂自适应神经网络同步鲁棒控制器设计方法,专利,"['王进', '翟安邦', '徐凡', '张海运', '扶建辉', '陆国栋']"
846,弱刚度工件的多机械臂协调加工方法研究,陆国栋,浙江大学,电极损耗分层预变形补偿方法,期刊论文,"['陈健', '王进', '陆国栋']"
847,弱刚度工件的多机械臂协调加工方法研究,陆国栋,浙江大学,一种基于空间两点投影的机器人坐标标定方法,专利,"['王进', '王伟', '陆国栋', '吴潮华']"
848,区域抗旱自适应能力形成机制与定量评估方法研究,常文娟,三峡大学,基于SWAT模型的淮河上游流域设计洪水修订,期刊论文,"['秦振雄', '彭 涛', '王继保', '董晓华', '常文娟', '马海波', '刘 冀', '王高旭']"
849,区域抗旱自适应能力形成机制与定量评估方法研究,常文娟,三峡大学,三峡库区极端降水事件时空变化特征,期刊论文,"['董钊煜', '彭涛', '董晓华', '刘冀', '常文娟', '林青霞']"
851,区域抗旱自适应能力形成机制与定量评估方法研究,常文娟,三峡大学,淮河上游植被对气象干旱的响应,期刊论文,"['张特', '刘冀', '魏榕', '常文娟', '董晓华', '孙周亮']"
852,区域抗旱自适应能力形成机制与定量评估方法研究,常文娟,三峡大学,一种基于Logistic的抗旱适宜供水量确定方法,专利,"['常文娟', '梁忠民', '胡义明', '马海波', '朱士江', '林青霞']"
853,区域抗旱自适应能力形成机制与定量评估方法研究,常文娟,三峡大学,一种计算自然流域植物截流量的方法,专利,"['王煜', '常文娟', '马海波', '严登华', '董鑫', '房昊天']"
854,区域抗旱自适应能力形成机制与定量评估方法研究,常文娟,三峡大学,一种计算自然流域表面坑洼滞蓄量的方法,专利,"['马海波', '常文娟', '王煜', '严登华', '董鑫', '房昊天']"
855,区域抗旱自适应能力形成机制与定量评估方法研究,常文娟,三峡大学,三峡库区气象干旱演变特征及致灾因子危险性评价,期刊论文,"['郑金涛', '彭涛', '董晓华', '刘冀', '常文娟', '林青霞', '王佳宝']"
856,区域抗旱自适应能力形成机制与定量评估方法研究,常文娟,三峡大学,基于耗水视角的水资源承载能力及其支撑流域调水规模研究,期刊论文,"['常文娟', '董鑫', '马海波', '房昊天']"
857,区域抗旱自适应能力形成机制与定量评估方法研究,常文娟,三峡大学,一种基于益本比函数的适宜抗旱能力分析方法,专利,"['常文娟', '马海波', '梁忠民', '严登华', '雷晓辉', '王浩', '朱士江', '孙爱华', '郑霞忠', '林青霞', '董鑫']"
858,区域抗旱自适应能力形成机制与定量评估方法研究,常文娟,三峡大学,自然流域划分法中确定子流域降雨量时空分布的方法,专利,"['常文娟', '马海波', '严登华', '肖尚斌', '雷晓辉', '董晓华', '李俊美', '纪道斌', '徐刚', '刘冀', '彭涛', '李英海', '董鑫']"
859,面向航空发动机苛刻环境光纤传感的关键科学问题研究,于永森,吉林大学,一种碳纤维管封装的光纤光栅压力传感器,专利,"['于永森', '薛兆康', '国旗', '孙洪波']"
860,面向航空发动机苛刻环境光纤传感的关键科学问题研究,于永森,吉林大学,微纳结构的耐高温法布里-珀罗腔传感结构及系统,专利,"['郑永秋', '田振男', '薛晨阳', '于永森', '孙鹏', '国旗', '陈坤', '陈晨', '武丽云', '陈佳敏', '韩源']"
861,面向航空发动机苛刻环境光纤传感的关键科学问题研究,于永森,吉林大学,一种螺旋形蓝宝石光纤布拉格光栅、制备方法及其应用,专利,"['孙洪波', '国旗', '于永森']"
864,面向航空发动机苛刻环境光纤传感的关键科学问题研究,于永森,吉林大学,油气井下光纤光栅温度压力传感器,期刊论文,"['薛兆康', '国旗', '刘善仁', '潘学鹏', '陈超', '于永森']"
866,面向航空发动机苛刻环境光纤传感的关键科学问题研究,于永森,吉林大学,一种利用飞秒激光直写技术制备啁啾光纤光栅的方法,专利,"['孙洪波', '潘学鹏', '于永森', '国旗']"
867,面向航空发动机苛刻环境光纤传感的关键科学问题研究,于永森,吉林大学,Research Progress on S Fiber Taper,期刊论文,"['于永森', '朱永钦', '赵阳', '潘学鹏']"
871,面向航空发动机苛刻环境光纤传感的关键科学问题研究,于永森,吉林大学,一种S形光纤锥免疫传感器、制备方法及其应用,专利,"['于永森', '郭万美', '国旗', '王博', '金光勇']"
874,地下滴灌多孔出流特性及均匀度数值模型研究,王剑,江苏大学,确定地下滴灌管上式滴头流量及土壤水正压的测定装置,专利,"['王剑', '杨婷', '魏涛', '陈瑞', '张发坤']"
879,地下滴灌多孔出流特性及均匀度数值模型研究,王剑,江苏大学,内镶贴片式滴灌带局部水头损失试验研究,期刊论文,"['王剑', '魏涛', '杨婷', '袁寿其']"
883,基于位置服务的地理社交网络模型构建及隐私保护方法研究,罗永龙,安徽师范大学,基于三维网格划分的隐私保护轨迹数据发布方法,专利,"['陈传明', '俞庆英', '胡桂银', '陈付龙', '罗永龙']"
884,基于位置服务的地理社交网络模型构建及隐私保护方法研究,罗永龙,安徽师范大学,网络中重叠社团的挖掘方法,专利,"['孙丽萍', '罗永龙', '刘君', '鲍舒婷', '郑孝遥', '陈付龙']"
885,基于位置服务的地理社交网络模型构建及隐私保护方法研究,罗永龙,安徽师范大学,基于非敏感信息分析的轨迹数据隐私保护发布,期刊论文,"['邓劲松', '罗永龙', '俞庆英', '陈付龙']"
886,基于位置服务的地理社交网络模型构建及隐私保护方法研究,罗永龙,安徽师范大学,一种基于红外传感器的吊扇,专利,"['王涛春', '胡桂银', '接标', '左开中', '陈付龙', '刘盈', '罗永龙']"
887,基于位置服务的地理社交网络模型构建及隐私保护方法研究,罗永龙,安徽师范大学,基于信任激励和位置隐私保护的k近邻查询方法,专利,"['郭良敏', '朱莹', '罗永龙', '郑孝遥', '孙丽萍']"
888,基于位置服务的地理社交网络模型构建及隐私保护方法研究,罗永龙,安徽师范大学,特征化密度峰聚类的出租车热点区域提取方法,专利,"['汪小寒', '罗永龙', '张泽培', '何增宇', '胡王悟']"
889,基于位置服务的地理社交网络模型构建及隐私保护方法研究,罗永龙,安徽师范大学,一种隐私保护的共享近邻密度峰聚类方法,专利,"['鲍舒婷', '孙丽萍', '慈尚', '郑孝遥', '罗永龙']"
893,基于位置服务的地理社交网络模型构建及隐私保护方法研究,罗永龙,安徽师范大学,基于超图结构的社交网络推荐模型构建方法,专利,"['郑孝遥', '孙丽萍', '陈付龙', '陈文', '罗永龙']"
895,基于位置服务的地理社交网络模型构建及隐私保护方法研究,罗永龙,安徽师范大学,一种结合方向扩散的指纹方向场提取方法,专利,"['卞维新', '徐德琴', '接标', '丁新涛', '陈付龙', '罗永龙']"
896,基于位置服务的地理社交网络模型构建及隐私保护方法研究,罗永龙,安徽师范大学,一种隐私保护空间离群点检测方法,专利,"['俞庆英', '罗永龙', '陈传明', '陈付龙', '卞维新', '孙丽萍', '郑孝遥']"
898,基于位置服务的地理社交网络模型构建及隐私保护方法研究,罗永龙,安徽师范大学,基于SVD填充的混合推荐算法,期刊论文,"['刘晴晴', '罗永龙', '汪逸飞', '郑孝遥', '陈文']"
900,基于位置服务的地理社交网络模型构建及隐私保护方法研究,罗永龙,安徽师范大学,Top-Down grid位置敏感哈希k匿名隐私保护,期刊论文,"['汪小寒', '刘世杨', '韩慧慧', '罗永龙']"
901,基于位置服务的地理社交网络模型构建及隐私保护方法研究,罗永龙,安徽师范大学,Geohash压缩的地图匹配方法,专利,"['汪小寒', '范婷婷', '罗永龙', '何增宇', '胡王悟', '曹妍', '鲁婷婷']"
902,基于位置服务的地理社交网络模型构建及隐私保护方法研究,罗永龙,安徽师范大学,基于情感与信任的协同过滤推荐方法,专利,"['郭良敏', '梁家坤', '董燕', '孙丽萍', '朱莹', '罗永龙', '郑孝遥']"
904,基于位置服务的地理社交网络模型构建及隐私保护方法研究,罗永龙,安徽师范大学,一种面向脑网络的结构化特征选择方法,专利,"['接标', '王咪', '卞维新', '丁新涛', '左开中', '方群', '罗永龙']"
905,基于位置服务的地理社交网络模型构建及隐私保护方法研究,罗永龙,安徽师范大学,基于群智感知的多目标多约束路线推荐方法,专利,"['郑孝遥', '朱德义', '韩宝婷', '孙丽萍', '郭良敏', '罗永龙']"
908,基于位置服务的地理社交网络模型构建及隐私保护方法研究,罗永龙,安徽师范大学,群智感知中基于k-匿名的位置及数据隐私保护方法研究已勘误,期刊论文,"['王涛春', '刘盈', '金鑫', '陈付龙', '赵传信']"
912,基于位置服务的地理社交网络模型构建及隐私保护方法研究,罗永龙,安徽师范大学,基于插值点的匿名隐私保护方法,专利,"['汪小寒', '张泽培', '何增宇', '王涛春', '孙丽萍', '郑孝遥', '罗永龙']"
913,基于位置服务的地理社交网络模型构建及隐私保护方法研究,罗永龙,安徽师范大学,基于区域划分的轨迹隐私保护方法,期刊论文,"['郭良敏', '王安鑫', '郑孝遥']"
915,基于位置服务的地理社交网络模型构建及隐私保护方法研究,罗永龙,安徽师范大学,连续查询语义位置隐私保护方法及系统、连续查询系统,专利,"['左开中', '王永录', '刘蕊', '丁新涛', '罗永龙']"
916,基于位置服务的地理社交网络模型构建及隐私保护方法研究,罗永龙,安徽师范大学,传感器网络中基于路线的隐私保护数据聚集算法,期刊论文,"['王涛春', '秦小麟', '张吉', '丁有伟', '陈付龙', '罗永龙']"
917,基于位置服务的地理社交网络模型构建及隐私保护方法研究,罗永龙,安徽师范大学,一种群智感知中基于k-匿名的位置及数据隐私保护方法,专利,"['王涛春', '刘盈', '金鑫', '陈付龙', '赵传信', '罗永龙']"
918,基于位置服务的地理社交网络模型构建及隐私保护方法研究,罗永龙,安徽师范大学,一种基于Geohash的网格化位置隐私保护方法及装置,专利,"['罗永龙', '邢凯', '宁雪莉', '邓劲松', '郑孝遥', '孙丽萍']"
919,基于位置服务的地理社交网络模型构建及隐私保护方法研究,罗永龙,安徽师范大学,基于BP神经网络的异常轨迹检测方法,期刊论文,"['俞庆英', '李倩', '陈传明', '林文诗']"
920,基于位置服务的地理社交网络模型构建及隐私保护方法研究,罗永龙,安徽师范大学,一种路网环境下基于隐私偏好的语义位置隐私保护方法,专利,"['左开中', '王永录', '刘蕊', '罗永龙']"
921,基于位置服务的地理社交网络模型构建及隐私保护方法研究,罗永龙,安徽师范大学,基于Geohash编码的位置隐私保护算法,期刊论文,"['邢凯', '罗永龙', '宁雪莉', '郑孝遥']"
923,基于位置服务的地理社交网络模型构建及隐私保护方法研究,罗永龙,安徽师范大学,基于公共分片子序列的轨迹离群点检测方法,专利,"['俞庆英', '罗永龙', '陈传明', '陈付龙', '汪小寒', '胡桂银']"
924,基于位置服务的地理社交网络模型构建及隐私保护方法研究,罗永龙,安徽师范大学,障碍空间中基于并行蚁群算法的k近邻查询,期刊论文,"['郭良敏', '朱莹', '孙丽萍']"
926,基于位置服务的地理社交网络模型构建及隐私保护方法研究,罗永龙,安徽师范大学,面向功能性脑网络的多阈值下基于多任务的特征选择方法,专利,"['接标', '王正东', '王咪', '卞维新', '丁新涛', '左开中', '陈付龙', '罗永龙']"
927,基于位置服务的地理社交网络模型构建及隐私保护方法研究,罗永龙,安徽师范大学,基于U盾的Web数据存储和数据传输方法,专利,"['胡桂银', '俞庆英', '郭良敏', '郑孝遥', '罗永龙', '陈付龙']"
928,基于位置服务的地理社交网络模型构建及隐私保护方法研究,罗永龙,安徽师范大学,一种基于用户情感和时间动态的旅游目的地推荐方法,专利,"['郑孝遥', '徐致云', '胡朝焱', '汪祥舜', '孙丽萍', '胡桂银', '罗永龙']"
929,基于位置服务的地理社交网络模型构建及隐私保护方法研究,罗永龙,安徽师范大学,一种隐私保护的两层传感器网络范围查询系统及方法,专利,"['王涛春', '罗永龙', '郭良敏', '左开中', '陈付龙']"
930,基于位置服务的地理社交网络模型构建及隐私保护方法研究,罗永龙,安徽师范大学,基于分类耦合字典稀疏表示的指纹图像超分辨率方法,专利,"['卞维新', '徐德琴', '接标', '丁玉祥', '方群', '罗永龙']"
933,基于位置服务的地理社交网络模型构建及隐私保护方法研究,罗永龙,安徽师范大学,基于网络层的安全传输方法,专利,"['陈付龙', '孙回', '罗永龙', '黄琤', '程徐', '孙丽萍', '郑孝遥', '张吉', '胡桂银']"
934,基于位置服务的地理社交网络模型构建及隐私保护方法研究,罗永龙,安徽师范大学,基于地理社交网络的频繁位置隐私保护算法,期刊论文,"['宁雪莉', '罗永龙', '邢凯', '郑孝遥']"
937,基于位置服务的地理社交网络模型构建及隐私保护方法研究,罗永龙,安徽师范大学,基于位置服务的分布式差分隐私推荐方法,专利,"['郑孝遥', '汪祥舜', '朱德义', '孙丽萍', '俞庆英', '汪小寒', '罗永龙']"
939,基于位置服务的地理社交网络模型构建及隐私保护方法研究,罗永龙,安徽师范大学,基于群智感知的旅游路线个性化推荐方法,专利,"['郑孝遥', '尤浩', '徐致云', '罗永龙', '汪祥舜', '胡朝焱', '孙丽萍', '胡桂银', '郭良敏']"
941,基于位置服务的地理社交网络模型构建及隐私保护方法研究,罗永龙,安徽师范大学,一种基于格点排列的十字绣模板识别方法,专利,"['丁新涛', '胡桂银', '罗永龙', '郭良敏', '接标', '郑孝遥']"
942,基于位置服务的地理社交网络模型构建及隐私保护方法研究,罗永龙,安徽师范大学,基于匿名的网络最短路径隐私保护方法,专利,"['徐平安', '孙丽萍', '刘孝庆', '腾莉', '罗永龙']"
945,基于位置服务的地理社交网络模型构建及隐私保护方法研究,罗永龙,安徽师范大学,基于移动通信的信任推荐模型的构建方法及其构建系统,专利,"['郑孝遥', '鲍煜', '罗永龙', '丁新涛', '孙丽萍', '胡桂银', '俞庆英']"
946,基于位置服务的地理社交网络模型构建及隐私保护方法研究,罗永龙,安徽师范大学,一种基于局部密度和聚类中心优化的密度峰聚类方法,专利,"['孙丽萍', '鲍舒婷', '慈尚', '郑孝遥', '罗永龙']"
947,基于位置服务的地理社交网络模型构建及隐私保护方法研究,罗永龙,安徽师范大学,一种基于同态加密的隐私保护密度峰聚类方法,专利,"['慈尚', '孙丽萍', '鲍舒婷', '俞庆英', '罗永龙']"
949,基于位置服务的地理社交网络模型构建及隐私保护方法研究,罗永龙,安徽师范大学,基于轨迹大数据的轨迹异常检测方法,专利,"['章海燕', '罗永龙', '俞庆英', '孙振强', '李雪静']"
950,基于位置服务的地理社交网络模型构建及隐私保护方法研究,罗永龙,安徽师范大学,基于接头暗号匿名的物联网身份认证方法,专利,"['陈付龙', '张紫阳', '罗永龙', '张程', '刘超', '孙丽萍', '郑孝遥', '俞庆英', '王涛春']"
951,基于位置服务的地理社交网络模型构建及隐私保护方法研究,罗永龙,安徽师范大学,一种基于单点收益的轨迹隐私保护方法,期刊论文,"['陈传明', '林文诗', '俞庆英', '罗永龙']"
952,基于位置服务的地理社交网络模型构建及隐私保护方法研究,罗永龙,安徽师范大学,传感器网络中面向隐私保护的连续数据聚集方法,专利,"['王涛春', '胡桂银', '接标', '左开中', '陈付龙', '刘盈', '罗永龙']"
953,基于位置服务的地理社交网络模型构建及隐私保护方法研究,罗永龙,安徽师范大学,一种基于半监督学习图像聚类的数据处理方法和系统,专利,"['盛佳佳', '孙丽萍', '杜亭莉', '郑孝遥', '陈付龙', '罗永龙']"
956,基于位置服务的地理社交网络模型构建及隐私保护方法研究,罗永龙,安徽师范大学,基于优化局部抑制的轨迹数据发布隐私保护算法,期刊论文,"['俞庆英', '王燕飞', '叶梓彤', '张双桂', '陈传明']"
958,基于位置服务的地理社交网络模型构建及隐私保护方法研究,罗永龙,安徽师范大学,基于信息熵抑制的轨迹隐私保护方法,期刊论文,"['汪逸飞', '罗永龙', '俞庆英', '刘晴晴', '陈文']"
960,基于位置服务的地理社交网络模型构建及隐私保护方法研究,罗永龙,安徽师范大学,一种群智感知中基于椭圆曲线的聚合数据隐私保护方法,专利,"['王涛春', '金鑫', '吕成梅', '陈付龙', '赵传信', '罗永龙']"
964,基于位置服务的地理社交网络模型构建及隐私保护方法研究,罗永龙,安徽师范大学,路网环境下的语义多样性位置隐私保护方法,期刊论文,"['曾海燕', '左开中', '王永录', '刘蕊']"
965,基于位置服务的地理社交网络模型构建及隐私保护方法研究,罗永龙,安徽师范大学,面向连续查询的敏感语义位置隐私保护方案,期刊论文,"['王永录', '左开中', '曾海燕', '刘蕊', '郭良敏']"
966,基于位置服务的地理社交网络模型构建及隐私保护方法研究,罗永龙,安徽师范大学,一种群智感知中基于切片的轨迹隐私保护方法,专利,"['王涛春', '刘盈', '金鑫', '赵传信', '吕成梅', '陈付龙', '罗永龙']"
967,基于位置服务的地理社交网络模型构建及隐私保护方法研究,罗永龙,安徽师范大学,基于改进四叉树的差分隐私保护方法,专利,"['汪小寒', '张泽培', '韩慧慧', '左开中', '俞庆英', '接标', '罗永龙']"
969,基于位置服务的地理社交网络模型构建及隐私保护方法研究,罗永龙,安徽师范大学,传感器网络中安全可验证的连续数据收集方法,专利,"['王涛春', '刘盈', '左开中', '胡桂银', '接标', '陈付龙', '罗永龙']"
970,基于位置服务的地理社交网络模型构建及隐私保护方法研究,罗永龙,安徽师范大学,基于Flickr地理标签元的旅游历史数据获取方法,专利,"['罗永龙', '陈文', '汪逸飞', '刘晴晴', '俞庆英']"
976,基于位置服务的地理社交网络模型构建及隐私保护方法研究,罗永龙,安徽师范大学,社区医疗物联网隐私保护方法,专利,"['陈付龙', '叶和平', '杨洁', '朱君茹', '齐学梅', '罗永龙', '赵传信', '郑孝遥', '孙丽萍']"
977,基于位置服务的地理社交网络模型构建及隐私保护方法研究,罗永龙,安徽师范大学,基于安全求和的移动群智感知隐私保护真值发现方法,专利,"['王涛春', '吕成梅', '王成田', '陈付龙', '赵传信', '罗永龙']"
979,基于位置服务的地理社交网络模型构建及隐私保护方法研究,罗永龙,安徽师范大学,一种基于改进KD树数据结构的隐私保护方法,专利,"['汪小寒', '罗永龙', '张泽培', '韩慧慧', '夏芸', '左开中']"
980,基于位置服务的地理社交网络模型构建及隐私保护方法研究,罗永龙,安徽师范大学,一种基于数据安全的混合聚类方法,专利,"['孙丽萍', '陶涛', '郭良敏', '陈付龙', '罗永龙']"
981,基于位置服务的地理社交网络模型构建及隐私保护方法研究,罗永龙,安徽师范大学,基于KD树最优投影划分的k匿名算法,期刊论文,"['汪小寒', '罗永龙', '江叶峰', '赵传信', '吴文莉', '郭良敏']"
982,基于位置服务的地理社交网络模型构建及隐私保护方法研究,罗永龙,安徽师范大学,一种基于串行通信接口的FPGA在线验证结构和方法,专利,"['陈付龙', '孙云翔', '杨洁', '叶和平', '罗永龙', '齐学梅', '王宏涛', '朱君茹']"
986,基于位置服务的地理社交网络模型构建及隐私保护方法研究,罗永龙,安徽师范大学,一种出租车热点区域的提取方法,专利,"['汪小寒', '罗永龙', '张泽培', '何增宇', '胡王悟']"
987,基于位置服务的地理社交网络模型构建及隐私保护方法研究,罗永龙,安徽师范大学,一种基于差分隐私保护的谱聚类方法,专利,"['郑孝遥', '汪祥舜', '罗永龙', '郭良敏', '胡桂银']"
988,基于位置服务的地理社交网络模型构建及隐私保护方法研究,罗永龙,安徽师范大学,一种基于数据流的敏感数据挖掘保护方法,专利,"['郑孝遥', '胡朝焱', '罗永龙', '陈文', '孙丽萍', '陈付龙']"
989,基于位置服务的地理社交网络模型构建及隐私保护方法研究,罗永龙,安徽师范大学,一种基于权值分布的阈值化方法,专利,"['接标', '王正东', '卞维新', '丁新涛', '周文', '左开中', '陈付龙', '罗永龙']"
990,基于位置服务的地理社交网络模型构建及隐私保护方法研究,罗永龙,安徽师范大学,一种基于Laplacian算子的特征选择方法,专利,"['接标', '左开中', '王涛春', '丁新涛', '胡桂银', '罗永龙']"
